SHOP NAME,LOCATION,Latitude,Longitude,Sales Exec Name,Average 30 days Sale,Average Payment Cycle (days),MOBILE NO,SHOP SIZE,NO OF SKU,Volume  (4/10),Credit Cycle (4/10),Location (1/10),SKUS (1/10),Total,quality,Color,hov_text
AVDESH FRUITS,TELIWARA SHAHDARA ,28.67208561,77.28998912,Naveen,75000,1,7417031735,4*6,8,2,4,0,1,7,B,green,AVDESH FRUITS<br>30 Days sale: 75000<br>Payment Cycle: 1<br>Total Score: 7
SONU FRUITS,TEJAB MILL SHAHDARA,28.672113,77.28877878,Naveen,75000,1,8851354365,6*8,6,2,4,0,1,7,B,green,SONU FRUITS<br>30 Days sale: 75000<br>Payment Cycle: 1<br>Total Score: 7
JOGENDER FRUITS,TEJAB MILL SHAHDARA,28.672113,77.28877878,Naveen,75000,1,8860419183,6*8,15,2,4,0,1,7,B,green,JOGENDER FRUITS<br>30 Days sale: 75000<br>Payment Cycle: 1<br>Total Score: 7
VASIM FRUITS,NAVEEN SHAHDARA,28.67623647,77.28299762,Naveen,75000,1,9599300362,10*10,10,2,4,0,1,7,B,green,VASIM FRUITS<br>30 Days sale: 75000<br>Payment Cycle: 1<br>Total Score: 7
MULLA JI FRUITS,SHAHDARA METRO,28.67357235,77.28990146,Naveen,75000,1,7042425034,6*8,12,2,4,0,1,7,B,green,MULLA JI FRUITS<br>30 Days sale: 75000<br>Payment Cycle: 1<br>Total Score: 7
VARIS FRUITS,SHAHDARA METRO,28.67357235,77.28990146,Naveen,75000,1,9818744895,4*6,8,2,4,0,1,7,B,green,VARIS FRUITS<br>30 Days sale: 75000<br>Payment Cycle: 1<br>Total Score: 7
AHSAN FRUITS,CHOTA BAJAAR SHAHDARA,28.67002296,77.29307544,Naveen,75000,1,9891262895,6*6,15,2,4,0,1,7,B,green,AHSAN FRUITS<br>30 Days sale: 75000<br>Payment Cycle: 1<br>Total Score: 7
FAIZAN FRUITS,NAVEEN SHAHDARA,28.67623647,77.28299762,Naveen,75000,1,7623072353,4*6,10,2,4,0,1,7,B,green,FAIZAN FRUITS<br>30 Days sale: 75000<br>Payment Cycle: 1<br>Total Score: 7
GULFAM FRUITS,CHOTA BAJAAR SHAHDARA,28.67006532,77.29346168,Naveen,60000,1,7065806074,6*8,10,1,4,0,1,6,B,green,GULFAM FRUITS<br>30 Days sale: 60000<br>Payment Cycle: 1<br>Total Score: 6
SALMAN FRUITS,CHOTA BAJAAR SHAHDARA,28.66955228,77.29358506,Naveen,60000,1,8826519265,8*10,10,1,4,0,1,6,B,green,SALMAN FRUITS<br>30 Days sale: 60000<br>Payment Cycle: 1<br>Total Score: 6
MD VASIM FRUITS,NAVEEN SHAHDARA,28.67614234,77.28230025,Naveen,60000,1,9971150536,4*6,15,1,4,0,1,6,B,green,MD VASIM FRUITS<br>30 Days sale: 60000<br>Payment Cycle: 1<br>Total Score: 6
SHAMIM FRUITS,NAVEEN SHAHDARA,28.67634942,77.28166724,Naveen,60000,1,8130546030,4*6,20,1,4,0,1,6,B,green,SHAMIM FRUITS<br>30 Days sale: 60000<br>Payment Cycle: 1<br>Total Score: 6
GUDDU FRUITS,NAVEEN SHAHDARA,28.67728129,77.28333021,Naveen,75000,2+,9718208374,6*8,10,2,3,0,1,6,B,green,GUDDU FRUITS<br>30 Days sale: 75000<br>Payment Cycle: 2+<br>Total Score: 6
NALLE FRUITS,CHOTA BAJAAR SHAHDARA,28.67079015,77.29340803,Naveen,75000,2+,9582176083,6*8,12,2,3,0,1,6,B,green,NALLE FRUITS<br>30 Days sale: 75000<br>Payment Cycle: 2+<br>Total Score: 6
SUNIL FRUITS,BIHARI COLONY SHAHDARA,28.67234404,77.28458896,Naveen,75000,2+,8865965762,4*6,10,2,3,0,1,6,B,green,SUNIL FRUITS<br>30 Days sale: 75000<br>Payment Cycle: 2+<br>Total Score: 6
BHURE FRUITS,BIHARI COLONY SHAHDARA,28.67162303,77.2831802,Naveen,75000,2+,9711561796,6*8,15,2,3,0.5,1,6.5,B,green,BHURE FRUITS<br>30 Days sale: 75000<br>Payment Cycle: 2+<br>Total Score: 6.5
AFJAL FRUITS,VISHVAS NAGAR,28.66132451,77.29477599,Naveen,75000,2+,9289702933,6*6,8,2,3,0.5,1,6.5,B,green,AFJAL FRUITS<br>30 Days sale: 75000<br>Payment Cycle: 2+<br>Total Score: 6.5
MUSLIM FRUITS,KANTI NAGAR,28.66783375,77.27758105,Naveen,75000,2+,9355636788,4*6,12,2,3,0.5,1,6.5,B,green,MUSLIM FRUITS<br>30 Days sale: 75000<br>Payment Cycle: 2+<br>Total Score: 6.5
MUNNA FRUITS,VISHVAS NAGAR,28.65932958,77.29657868,Naveen,60000,4+,8448639849,8*10,15,1,2,0.5,1,4.5,C,red,MUNNA FRUITS<br>30 Days sale: 60000<br>Payment Cycle: 4+<br>Total Score: 4.5
GUPTA FRUITS,BHOLA NATH NAGAR,28.66946476,77.28656311,Naveen,60000,4+,9899840831,6*6,20,1,2,0.5,1,4.5,C,red,GUPTA FRUITS<br>30 Days sale: 60000<br>Payment Cycle: 4+<br>Total Score: 4.5
JAKEER FRUITS,KRISHNA NAGAR,28.65373627,77.28483235,Naveen,60000,4+,7065903596,4*6,15,1,2,0.5,1,4.5,C,red,JAKEER FRUITS<br>30 Days sale: 60000<br>Payment Cycle: 4+<br>Total Score: 4.5
RAJESH FRUITS,KHUREJI KHASS,28.64614239,77.27918404,Naveen,60000,4+,9868370501,6*8,10,1,2,0.5,1,4.5,C,red,RAJESH FRUITS<br>30 Days sale: 60000<br>Payment Cycle: 4+<br>Total Score: 4.5
RANJEET FRUITS,KARKADOOMA,28.65331583,77.30536756,Naveen,60000,4+,8588855590,8*8,20,1,2,0.5,1,4.5,C,red,RANJEET FRUITS<br>30 Days sale: 60000<br>Payment Cycle: 4+<br>Total Score: 4.5
HANEES FRUITS,SHAHDARA ,28.69325374,77.26315028,Naveen,99000,4+,8373928178,8*10,15,3,2,0.5,1,6.5,B,green,HANEES FRUITS<br>30 Days sale: 99000<br>Payment Cycle: 4+<br>Total Score: 6.5
MD AMIR,SHAHDARA ,28.69081318,77.26950954,Naveen,99000,4+,7428222343,8*10,10,3,2,0.5,1,6.5,B,green,MD AMIR<br>30 Days sale: 99000<br>Payment Cycle: 4+<br>Total Score: 6.5
ASHOK FRUITS,JHEEL CHOWK,28.6570692,77.27567267,Naveen,99000,4+,8178931713,8*10,20,3,2,0.5,1,6.5,B,green,ASHOK FRUITS<br>30 Days sale: 99000<br>Payment Cycle: 4+<br>Total Score: 6.5
BITTO FRUITS,JHEEL CHOWK,28.65664555,77.27586579,Naveen,99000,4+,7982716959,6*6,15,3,2,0.5,1,6.5,B,green,BITTO FRUITS<br>30 Days sale: 99000<br>Payment Cycle: 4+<br>Total Score: 6.5
ANAND FRUITS,JHEEL TANGA STAND,28.65706913,77.27243256,Naveen,99000,4+,9599469921,8*10,15,3,2,0.5,1,6.5,B,green,ANAND FRUITS<br>30 Days sale: 99000<br>Payment Cycle: 4+<br>Total Score: 6.5
SALMAN FRUITS,BABU RAM SCHOOL SHAHDARA,28.66786303,77.28959171,Naveen,99000,4+,9149208154,4*6,12,3,2,0.5,1,6.5,B,green,SALMAN FRUITS<br>30 Days sale: 99000<br>Payment Cycle: 4+<br>Total Score: 6.5
RAJIV FRUIT,JHEEL MKT,28.66036928,77.2764221,Naveen,99000,4+,8586886251,4*6,10,3,2,0.5,1,6.5,B,green,RAJIV FRUIT<br>30 Days sale: 99000<br>Payment Cycle: 4+<br>Total Score: 6.5
JISHAN FRUITS,KRISHNA NGR,28.65241817,77.28380238,Naveen,99000,4+,7289810130,6*6,8,3,2,0.5,1,6.5,B,green,JISHAN FRUITS<br>30 Days sale: 99000<br>Payment Cycle: 4+<br>Total Score: 6.5
ANSARI FRUITS,KRISHNA NGR,28.65190976,77.28071248,Naveen,75000,4+,9958231474,4*6,10,2,2,0.5,1,5.5,B,red,ANSARI FRUITS<br>30 Days sale: 75000<br>Payment Cycle: 4+<br>Total Score: 5.5
DHARAMVIR FRUITS,KRISHNA NGR,28.64948064,77.28364145,Naveen,75000,4+,8700323059,6*8,10,2,2,0.5,1,5.5,B,red,DHARAMVIR FRUITS<br>30 Days sale: 75000<br>Payment Cycle: 4+<br>Total Score: 5.5
BRIJESH FRUITS,KRISHNA NGR,28.65088351,77.28283679,Naveen,75000,1,8510025021,4*6,10,2,4,0.5,1,7.5,B,green,BRIJESH FRUITS<br>30 Days sale: 75000<br>Payment Cycle: 1<br>Total Score: 7.5
A K FRUITS,KRISHNA NGR,28.65093059,77.28573358,Naveen,75000,1,8860885016,6*6,15,2,4,0,1,7,B,green,A K FRUITS<br>30 Days sale: 75000<br>Payment Cycle: 1<br>Total Score: 7
ABDUL FRUITS,KRISHNA NGR,28.65241817,77.28575503,Naveen,75000,1,7906612994,6*8,10,2,4,0,1,7,B,green,ABDUL FRUITS<br>30 Days sale: 75000<br>Payment Cycle: 1<br>Total Score: 7
ARIF MADINA FRUITS,TEJAB MILL,28.67182933,77.28854623,Naveen,75000,1,8447029052,12*14,25,2,4,0,1,7,B,green,ARIF MADINA FRUITS<br>30 Days sale: 75000<br>Payment Cycle: 1<br>Total Score: 7
NASEEM AKHTAR FRUITS,NEW ASHOK NAGAR,28.6615899,77.28426625,Naveen,75000,1,9810965040,8*10,15,2,4,0,1,7,B,green,NASEEM AKHTAR FRUITS<br>30 Days sale: 75000<br>Payment Cycle: 1<br>Total Score: 7
AJAY FRUITS,NEW ASHOK NAGAR,28.65656163,77.28361135,Naveen,75000,1,8810465693,10*12,10,2,4,0,1,7,B,green,AJAY FRUITS<br>30 Days sale: 75000<br>Payment Cycle: 1<br>Total Score: 7
SAROJ FRUITS,NEW ASHOK NAGAR,28.65680979,77.28554626,Naveen,75000,1,9315118664,4*6,12,2,4,0,1,7,B,green,SAROJ FRUITS<br>30 Days sale: 75000<br>Payment Cycle: 1<br>Total Score: 7
ASHU FRUITS,NEW ASHOK NAGAR,28.6567706,77.28460857,Naveen,75000,1,8958177815,6*6,15,2,4,0,1,7,B,green,ASHU FRUITS<br>30 Days sale: 75000<br>Payment Cycle: 1<br>Total Score: 7
NOOR FRUITS,NEW ASHOK NAGAR,28.58916,77.30214,Naveen,75000,7+,8851709124,8*6,10,2,1,0,1,4,C,red,NOOR FRUITS<br>30 Days sale: 75000<br>Payment Cycle: 7+<br>Total Score: 4
DINESH FRUITS,BABU RAM SCHOOL SHAHDARA,28.6670367,77.2902583,Naveen,75000,7+,9311606511,6*6,15,2,1,0,1,4,C,red,DINESH FRUITS<br>30 Days sale: 75000<br>Payment Cycle: 7+<br>Total Score: 4
DAVENDER FRUITS,BABU RAM SCHOOL SHAHDARA,28.6650367,77.2912583,Naveen,75000,7+,8595874854,4*6,20,2,1,0,1,4,C,red,DAVENDER FRUITS<br>30 Days sale: 75000<br>Payment Cycle: 7+<br>Total Score: 4
CHADER MOHAN FRUITS,BABU RAM SCHOOL SHAHDARA,28.6600367,77.2952583,Naveen,75000,2+,6397831654,8*10,25,2,3,0,1,6,B,green,CHADER MOHAN FRUITS<br>30 Days sale: 75000<br>Payment Cycle: 2+<br>Total Score: 6
ASHISH FRUITS,BABU RAM SCHOOL SHAHDARA,28.6680367,77.2912593,Naveen,75000,2+,9625270868,6*6,15,2,3,0,1,6,B,green,ASHISH FRUITS<br>30 Days sale: 75000<br>Payment Cycle: 2+<br>Total Score: 6
ALI HASAN FRUITS,BABU RAM SCHOOL SHAHDARA,28.6620367,77.2913583,Naveen,75000,2+,7906708369,8*8,10,2,3,0,1,6,B,green,ALI HASAN FRUITS<br>30 Days sale: 75000<br>Payment Cycle: 2+<br>Total Score: 6
RAJESH FRUITS,KARKADOOMA,28.6529458,77.3022868,Naveen,99000,2+,9873342781,10*10,20,3,3,0,1,7,B,green,RAJESH FRUITS<br>30 Days sale: 99000<br>Payment Cycle: 2+<br>Total Score: 7
RAMESH FRUITS,VIVEK VIHAR,28.6712458,77.3176541,Naveen,99000,2+,9650074585,10*12,30,3,3,0,1,7,B,green,RAMESH FRUITS<br>30 Days sale: 99000<br>Payment Cycle: 2+<br>Total Score: 7
JANAKSHI FRUITS,SHALIMAR PARK,28.66680603,77.28406649,Naveen,99000,2+,7060229463,4*6,10,3,3,0,1,7,B,green,JANAKSHI FRUITS<br>30 Days sale: 99000<br>Payment Cycle: 2+<br>Total Score: 7
MD KASIM FRUITS,SHALIMAR PARK,28.66280603,77.28106649,Naveen,99000,2+,7088219453,6*6,15,3,3,0,1,7,B,green,MD KASIM FRUITS<br>30 Days sale: 99000<br>Payment Cycle: 2+<br>Total Score: 7
SANJAY FRUITS,SHALIMAR PARK,28.66080603,77.28416649,Naveen,60000,2+,9319390731,6*8,20,1,3,0,1,5,B,red,SANJAY FRUITS<br>30 Days sale: 60000<br>Payment Cycle: 2+<br>Total Score: 5
BALRAM FRUITS,BABU RAM SCHOOL SHAHDARA,28.6670367,77.2902583,Naveen,60000,2+,9899840831,6*8,15,1,3,0,1,5,B,red,BALRAM FRUITS<br>30 Days sale: 60000<br>Payment Cycle: 2+<br>Total Score: 5
SHAHID RAJA FRUITS,BABU RAM SCHOOL SHAHDARA,28.6670367,77.2902583,Naveen,60000,2+,9759462998,4*6,5,1,3,0,1,5,B,red,SHAHID RAJA FRUITS<br>30 Days sale: 60000<br>Payment Cycle: 2+<br>Total Score: 5
SURESH FRUITS,BABU RAM SCHOOL SHAHDARA,28.6670367,77.2902583,Naveen,60000,2+,9873762844,6*8,25,1,3,0,1,5,B,red,SURESH FRUITS<br>30 Days sale: 60000<br>Payment Cycle: 2+<br>Total Score: 5
KARAN TREDERS,TELIWARA SHAHDARA ,28.6714653,77.2897197,Naveen,60000,2+,8802926017,12*16,40,1,3,0,1,5,B,red,KARAN TREDERS<br>30 Days sale: 60000<br>Payment Cycle: 2+<br>Total Score: 5
DILSHAD FRUITS,TELIWARA SHAHDARA ,28.6714653,77.2897197,Naveen,60000,7+,8267936682,4*6,10,1,1,0,1,3,C,red,DILSHAD FRUITS<br>30 Days sale: 60000<br>Payment Cycle: 7+<br>Total Score: 3
ARUN FRUITS,JWALA NAGAR,28.6719589,77.2986963,Naveen,60000,7+,9540477652,10*12,30,1,1,0,1,3,C,red,ARUN FRUITS<br>30 Days sale: 60000<br>Payment Cycle: 7+<br>Total Score: 3
SAWITA FRUITS,JWALA NAGAR,28.6719589,77.2986963,Naveen,60000,7+,8598846241,8*8,15,1,1,0,1,3,C,red,SAWITA FRUITS<br>30 Days sale: 60000<br>Payment Cycle: 7+<br>Total Score: 3
ASHU FRUITS,JHILLMILL COLONY,28.6715031,77.3066258,Naveen,60000,7+,8178080506,4*6,5,1,1,0,1,3,C,red,ASHU FRUITS<br>30 Days sale: 60000<br>Payment Cycle: 7+<br>Total Score: 3
SANTOSH FRUITS,JHILLMILL COLONY,28.6715031,77.3066258,Naveen,60000,7+,9873422866,6*8,10,1,1,0,1,3,C,red,SANTOSH FRUITS<br>30 Days sale: 60000<br>Payment Cycle: 7+<br>Total Score: 3
TOHID FRUITS,JHILLMILL COLONY,28.6715031,77.3066258,Naveen,60000,7+,6396973077,4*6,5,1,1,0,1,3,C,red,TOHID FRUITS<br>30 Days sale: 60000<br>Payment Cycle: 7+<br>Total Score: 3
VIJAY FRUITS,SAVITA VIHAR,28.6609622,77.3188016,Naveen,60000,1,8826039828,6*8,20,1,4,0,1,6,B,green,VIJAY FRUITS<br>30 Days sale: 60000<br>Payment Cycle: 1<br>Total Score: 6
AMIT FRUITS,247 KAKADOOMA VILLAGE,28.6529458,77.3022868,Naveen,60000,1,8700724014,8*10,12,1,4,0,0.5,5.5,B,red,AMIT FRUITS<br>30 Days sale: 60000<br>Payment Cycle: 1<br>Total Score: 5.5
HASIF FRUITS,NAVEEN SHAHDARA,28.6761928,77.2828969,Naveen,60000,1,9971731713,4*6,10,1,4,0,0.5,5.5,B,red,HASIF FRUITS<br>30 Days sale: 60000<br>Payment Cycle: 1<br>Total Score: 5.5
KURESHI FRUITS,GEETA COLONY,28.6539087,77.2712102,Naveen,60000,1,8882164923,10*12,25,1,4,0,0.5,5.5,B,red,KURESHI FRUITS<br>30 Days sale: 60000<br>Payment Cycle: 1<br>Total Score: 5.5
UDAY FRUITS,RISHABH VIHAR,28.6547834,77.302584,Naveen,135000,1,8595863894,6*8,20,4,4,0,0.5,8.5,A,green,UDAY FRUITS<br>30 Days sale: 135000<br>Payment Cycle: 1<br>Total Score: 8.5
ADNANI FRUITS,KARKADOOMA SHANTI VIHAR,28.6516322,77.2997735,Naveen,135000,1,7827384567,8*10,15,4,4,0,0.5,8.5,A,green,ADNANI FRUITS<br>30 Days sale: 135000<br>Payment Cycle: 1<br>Total Score: 8.5
AJAY FRUITS,ARVACHIN SCHOOL ,28.6677532,77.3180783,Naveen,135000,1,9675163993,4*6,25,4,4,0,0.5,8.5,A,green,AJAY FRUITS<br>30 Days sale: 135000<br>Payment Cycle: 1<br>Total Score: 8.5
TWINKLE FRUITS,JHILLMILL COLONY,28.6715031,77.3066258,Naveen,135000,1,9599415848,8*10,30,4,4,0,0.5,8.5,A,green,TWINKLE FRUITS<br>30 Days sale: 135000<br>Payment Cycle: 1<br>Total Score: 8.5
OM PARKASH FRUITS,KRISHNA NAGAR,28.65509201,77.28410279,Naveen,135000,1,8929683627,8*8,12,4,4,0,0.5,8.5,A,green,OM PARKASH FRUITS<br>30 Days sale: 135000<br>Payment Cycle: 1<br>Total Score: 8.5
SALMAN FRUITS,BABU RAM SCHOOL SHAHDARA,28.6670367,77.2902583,Naveen,135000,1,9149208154,4*6,15,4,4,0,0.5,8.5,A,green,SALMAN FRUITS<br>30 Days sale: 135000<br>Payment Cycle: 1<br>Total Score: 8.5
TARA CHAND FRUITS,SHAHDARA CHOTA BAJAAR,28.6716699,77.2918741,Naveen,135000,2+,9278955996,4*6,15,4,3,0,0.5,7.5,B,green,TARA CHAND FRUITS<br>30 Days sale: 135000<br>Payment Cycle: 2+<br>Total Score: 7.5
FRESF MART FRUITS,JWALA NAGAR,28.6719589,77.2986963,Naveen,135000,2+,9718000050,18*18,45,4,3,0,0.5,7.5,B,green,FRESF MART FRUITS<br>30 Days sale: 135000<br>Payment Cycle: 2+<br>Total Score: 7.5
SACHIN FRUTS,JHILLMILL COLONY,28.6715031,77.3066258,Naveen,135000,2+,9910672916,6*8,20,4,3,0,0.5,7.5,B,green,SACHIN FRUTS<br>30 Days sale: 135000<br>Payment Cycle: 2+<br>Total Score: 7.5
hamid ali fruits,JHILLMILL COLONY,28.6715031,77.3066258,Naveen,135000,2+,8527075821,6*6,20,4,3,0,0.5,7.5,B,green,hamid ali fruits<br>30 Days sale: 135000<br>Payment Cycle: 2+<br>Total Score: 7.5
EVER GREEN FRUIT,BHOLA NATH NAGAR,28.6694348,77.2872061,Naveen,60000,2+,9871444191,12*14,20,1,3,0,0.5,4.5,C,red,EVER GREEN FRUIT<br>30 Days sale: 60000<br>Payment Cycle: 2+<br>Total Score: 4.5
HERO FRUIT ,NEW SEELAMPURE,28.6754755,77.2678137,Naveen,60000,2+,7838672877,10*12,15,1,3,0,0.5,4.5,C,red,HERO FRUIT <br>30 Days sale: 60000<br>Payment Cycle: 2+<br>Total Score: 4.5
MALIK FRUIT,MAIN ROAD SHAHDARA,28.6664756,77.2724401,Naveen,60000,2+,9213737796,8*10,12,1,3,0,0.5,4.5,C,red,MALIK FRUIT<br>30 Days sale: 60000<br>Payment Cycle: 2+<br>Total Score: 4.5
LALA DYAL CHAND,SHAHDARA BHOLA NATH NAGAR,28.6694348,77.2872061,Naveen,60000,2+,9266373364,10*12,15,1,3,0,0.5,4.5,C,red,LALA DYAL CHAND<br>30 Days sale: 60000<br>Payment Cycle: 2+<br>Total Score: 4.5
GOLA FRESH FRUIT,DILSHAQD GARDEN,28.6828082,77.3121354,Naveen,60000,2+,9971949139,12*12,25,1,3,0,0.5,4.5,C,red,GOLA FRESH FRUIT<br>30 Days sale: 60000<br>Payment Cycle: 2+<br>Total Score: 4.5
GUPTA FRUITS,22 KRISHNA NAGAR,28.65509201,77.28410279,Naveen,75000,2+,9910825341,10*12,10,2,3,0,0.5,5.5,B,red,GUPTA FRUITS<br>30 Days sale: 75000<br>Payment Cycle: 2+<br>Total Score: 5.5
SACHIN FRUTS,35/36 KRISHNA NAGAR,28.65509201,77.28410279,Naveen,75000,1,8826199415,6*8,10,2,4,0,1,7,B,green,SACHIN FRUTS<br>30 Days sale: 75000<br>Payment Cycle: 1<br>Total Score: 7
SHEZAD FRUIT,NEW SEELAMPURE,28.6754755,77.2678137,Sachin,75000,1,9911017051,10*12,25,2,4,0,1,7,B,green,SHEZAD FRUIT<br>30 Days sale: 75000<br>Payment Cycle: 1<br>Total Score: 7
A ONE FRUITS,KARKADOOMA MAIN ROAD,28.6529458,77.3022868,Sachin,75000,1,9873224734,4*6,8,2,4,0,1,7,B,green,A ONE FRUITS<br>30 Days sale: 75000<br>Payment Cycle: 1<br>Total Score: 7
TIWARI FRUITS,SHAHDARA,28.6713752,77.2692261,Sachin,75000,1,8585987070,10*12,11,2,4,0,1,7,B,green,TIWARI FRUITS<br>30 Days sale: 75000<br>Payment Cycle: 1<br>Total Score: 7
SATGURU FRUITS,LAXMI NAGAR,28.6371746,77.2756181,Sachin,75000,1,9868008451,12*14,18,2,4,0,1,7,B,green,SATGURU FRUITS<br>30 Days sale: 75000<br>Payment Cycle: 1<br>Total Score: 7
AMIT FRUITS,DILSHAQD GARDEN,28.6828082,77.3121354,Sachin,75000,1,8130067390,8*8,14,2,4,0,1,7,B,green,AMIT FRUITS<br>30 Days sale: 75000<br>Payment Cycle: 1<br>Total Score: 7
AGGARWALL FRUITS,YAMNA VIHAR,28.7009403,77.2721047,Sachin,75000,1,9540451787,6*8,6,2,4,0,1,7,B,green,AGGARWALL FRUITS<br>30 Days sale: 75000<br>Payment Cycle: 1<br>Total Score: 7
ASTAR FRUITS,ANAND VIHAR,28.1726434,-82.3206699,Sachin,75000,1,9289126632,4*6,10,2,4,0,1,7,B,green,ASTAR FRUITS<br>30 Days sale: 75000<br>Payment Cycle: 1<br>Total Score: 7
GUPTA AND SONS,PUSTA NUM 1 SONIA VIHAR,28.7204331,77.2444892,Sachin,135000,1,7840803204,10*12,25,4,4,0,1,9,A,green,GUPTA AND SONS<br>30 Days sale: 135000<br>Payment Cycle: 1<br>Total Score: 9
GUPTA FRUITS,B -217 SONIA VIHAR,28.7100227,77.2517226,Sachin,135000,1,9654754742,8*8,10,4,4,0,0.5,8.5,A,green,GUPTA FRUITS<br>30 Days sale: 135000<br>Payment Cycle: 1<br>Total Score: 8.5
SANJAY FRUITS,VINOD NAGAR,28.6229205,77.3086902,Sachin,135000,1,9868365189,6*6,15,4,4,0,0.5,8.5,A,green,SANJAY FRUITS<br>30 Days sale: 135000<br>Payment Cycle: 1<br>Total Score: 8.5
DEEPAK FRUIT,GHAJIPURE,28.63335674,77.32289594,Sachin,135000,1,9212311415,10*10,16,4,4,0,0.5,8.5,A,green,DEEPAK FRUIT<br>30 Days sale: 135000<br>Payment Cycle: 1<br>Total Score: 8.5
VINOD KOSHIK,GHAJIPURE,28.63335674,77.32289594,Sachin,135000,7+,9910458926,8*10,16,4,1,0,0.5,5.5,B,red,VINOD KOSHIK<br>30 Days sale: 135000<br>Payment Cycle: 7+<br>Total Score: 5.5
FRUIT CENTER,KASHMIRI GATE,28.6664723,77.2332892,Sachin,135000,7+,9971681785,10*12,18,4,1,0,0.5,5.5,B,red,FRUIT CENTER<br>30 Days sale: 135000<br>Payment Cycle: 7+<br>Total Score: 5.5
JAI SHRI RAM FRUIT,MAYUR VIHAR FACE 1,28.6083697,77.293112,Sachin,60000,7+,9213342798,8*10,14,1,1,0,0.5,2.5,C,red,JAI SHRI RAM FRUIT<br>30 Days sale: 60000<br>Payment Cycle: 7+<br>Total Score: 2.5
Prahalad Fruits,Crossing Republik,28.6302312,77.4349177,Shivam,60000,7+,9664128766,20X10,All Fruits,1,1,0,0.5,2.5,C,red,Prahalad Fruits<br>30 Days sale: 60000<br>Payment Cycle: 7+<br>Total Score: 2.5
Imran Fruits,Crossing Republik,28.6302312,77.4349177,Shivam,60000,7+,9858818673,10X15,All Fruits,1,1,0,0.5,2.5,C,red,Imran Fruits<br>30 Days sale: 60000<br>Payment Cycle: 7+<br>Total Score: 2.5
Today Fruits,Crossing Republik,28.6302312,77.4349177,Shivam,60000,4+,8447191270,10X15,All Fruits,1,2,0,0.5,3.5,C,red,Today Fruits<br>30 Days sale: 60000<br>Payment Cycle: 4+<br>Total Score: 3.5
Sunil Fruits,Crossing Republik,28.6302312,77.4349177,Shivam,60000,4+,9643533300,10X10,All Fruits,1,2,0,0.5,3.5,C,red,Sunil Fruits<br>30 Days sale: 60000<br>Payment Cycle: 4+<br>Total Score: 3.5
Pratik Fruits,Crossing Republik,28.6302312,77.4349177,Shivam,60000,4+,8439428063,10X10,All Fruits,1,2,0,0.5,3.5,C,red,Pratik Fruits<br>30 Days sale: 60000<br>Payment Cycle: 4+<br>Total Score: 3.5
Pankaj Fruits,Crossing Republik,28.6302312,77.4349177,Shivam,60000,2+,8076509968,15X10,All Fruits,1,3,0,0.5,4.5,C,red,Pankaj Fruits<br>30 Days sale: 60000<br>Payment Cycle: 2+<br>Total Score: 4.5
Rajan Fruits,Crossing Republik,28.6302312,77.4349177,Shivam,60000,2+,8191875146,15X10,All Fruits,1,3,0,0.5,4.5,C,red,Rajan Fruits<br>30 Days sale: 60000<br>Payment Cycle: 2+<br>Total Score: 4.5
Pitamha Fruits,Crossing Republik,28.6302312,77.4349177,Shivam,60000,2+,8700746021,10X10,All Fruits,1,3,0,0.5,4.5,C,red,Pitamha Fruits<br>30 Days sale: 60000<br>Payment Cycle: 2+<br>Total Score: 4.5
HS Fruits,"Sec.78, Noida",28.5613693,77.3847351,Shivam,99000,2+,9891415845,10X10,All Fruits,3,3,0,0.5,6.5,B,green,HS Fruits<br>30 Days sale: 99000<br>Payment Cycle: 2+<br>Total Score: 6.5
Sethi Fruits,Crossing Republik,28.6302312,77.4349177,Shivam,99000,2+,9899119789,10X10,All Fruits,3,3,0,0.5,6.5,B,green,Sethi Fruits<br>30 Days sale: 99000<br>Payment Cycle: 2+<br>Total Score: 6.5
Babu Fruits,Crossing Republik,28.6302312,77.4349177,Shivam,99000,2+,8287823730,15X10,All Fruits,3,3,0,0.5,6.5,B,green,Babu Fruits<br>30 Days sale: 99000<br>Payment Cycle: 2+<br>Total Score: 6.5
Jatin Fruits,Crossing Republik,28.6302312,77.4349177,Shivam,99000,2+,8527562052,10X10,All Fruits,3,3,0,0.5,6.5,B,green,Jatin Fruits<br>30 Days sale: 99000<br>Payment Cycle: 2+<br>Total Score: 6.5
Ratan Fruits,"Sec.121, Noida",28.6005955,77.4003841,Shivam,99000,2+,8868128324,15X10,All Fruits,3,3,0,0.5,6.5,B,green,Ratan Fruits<br>30 Days sale: 99000<br>Payment Cycle: 2+<br>Total Score: 6.5
Mukes Fruits,"Sec.75, Noida",28.5744851,77.3826845,Shivam,99000,2+,8920329314,10X10,All Fruits,3,3,0,0.5,6.5,B,green,Mukes Fruits<br>30 Days sale: 99000<br>Payment Cycle: 2+<br>Total Score: 6.5
Ratan Fruits,"Sec.129, Noida",28.5061446,77.3884251,Shivam,99000,2+,9887733290,18X10,All Fruits,3,3,0,0.5,6.5,B,green,Ratan Fruits<br>30 Days sale: 99000<br>Payment Cycle: 2+<br>Total Score: 6.5
Raj Kumar Fruits,"Sec.1, Noida",28.5900173,77.3116215,Shivam,99000,2+,7982035333,25X15,All Fruits,3,3,0,0.5,6.5,B,green,Raj Kumar Fruits<br>30 Days sale: 99000<br>Payment Cycle: 2+<br>Total Score: 6.5
Sachin Fruits,"Sec.59, Noida",28.6075627,77.3683319,Shivam,75000,2+,8700254484,30X20,All Fruits,2,3,0,0.5,5.5,B,red,Sachin Fruits<br>30 Days sale: 75000<br>Payment Cycle: 2+<br>Total Score: 5.5
Gulfan Fruits,Sahidabad Mandi,28.6620078,77.3366816,Shivam,75000,2+,9910923436,10X12,All Fruits,2,3,0,0.5,5.5,B,red,Gulfan Fruits<br>30 Days sale: 75000<br>Payment Cycle: 2+<br>Total Score: 5.5
Vinod Fruits,Noida Phase II Mandi,28.5355161,77.3910265,Shivam,75000,2+,8178224058,10X15,All Fruits,2,3,0,0.5,5.5,B,red,Vinod Fruits<br>30 Days sale: 75000<br>Payment Cycle: 2+<br>Total Score: 5.5
Easy Fruits,"Sec.119, Noida",28.5878501,77.4027753,Shivam,75000,7+,9953186353,10X10,All Fruits,2,1,0,0.5,3.5,C,red,Easy Fruits<br>30 Days sale: 75000<br>Payment Cycle: 7+<br>Total Score: 3.5
Balaji Fruits,Mahogun Mart,28.5637398,77.3876179,Shivam,75000,7+,92139899040,10X8,All Fruits,2,1,0,0.5,3.5,C,red,Balaji Fruits<br>30 Days sale: 75000<br>Payment Cycle: 7+<br>Total Score: 3.5
Balaji Fruits,Gulshan Society,28.50964333,77.4074867,Shivam,75000,7+,9213989040,10X18,All Fruits,2,1,0,0.5,3.5,C,red,Balaji Fruits<br>30 Days sale: 75000<br>Payment Cycle: 7+<br>Total Score: 3.5
Ratan Fruits,"Sec.1, Noida",28.5900173,77.3116215,Shivam,75000,7+,9625877706,20X15,All Fruits,2,1,0,0.5,3.5,C,red,Ratan Fruits<br>30 Days sale: 75000<br>Payment Cycle: 7+<br>Total Score: 3.5
Firoj Fruits,"Samaridhi IV, Noida",28.5355161,77.3910265,Shivam,75000,7+,8750171440,15X18,All Fruits,2,1,0,0.5,3.5,C,red,Firoj Fruits<br>30 Days sale: 75000<br>Payment Cycle: 7+<br>Total Score: 3.5
KSKI Fruits,"Sec. 62, Noida",28.627981,77.3648567,Shivam,75000,7+,8383969704,10X10,All Fruits,2,1,0,0.5,3.5,C,red,KSKI Fruits<br>30 Days sale: 75000<br>Payment Cycle: 7+<br>Total Score: 3.5
Mosim Fruits,"Sec.1, Bisrakh",28.5727061,77.4402958,Shivam,75000,4+,8475876477,10X21,All Fruits,2,2,0,0.5,4.5,C,red,Mosim Fruits<br>30 Days sale: 75000<br>Payment Cycle: 4+<br>Total Score: 4.5
OM Fruits,"Sec.1, Noida",28.5900173,77.3116215,Shivam,75000,4+,7011565316,10X10,All Fruits,2,2,0,0.5,4.5,C,red,OM Fruits<br>30 Days sale: 75000<br>Payment Cycle: 4+<br>Total Score: 4.5
Sorav Fruits,"Samaridhi IV, Noida",28.5355161,77.3910265,Shivam,75000,4+,9871230345,12X12,All Fruits,2,2,0,0.5,4.5,C,red,Sorav Fruits<br>30 Days sale: 75000<br>Payment Cycle: 4+<br>Total Score: 4.5
Sonu Fruits,Gaur City,28.6100966,77.4233416,Shivam,75000,4+,8700204309,20X10,All Fruits,2,2,0,0.5,4.5,C,red,Sonu Fruits<br>30 Days sale: 75000<br>Payment Cycle: 4+<br>Total Score: 4.5
Daily Needs,"Sec.1, Noida",28.5900173,77.3116215,Shivam,75000,4+,9548010791,10X15,All Fruits,2,2,0,0.5,4.5,C,red,Daily Needs<br>30 Days sale: 75000<br>Payment Cycle: 4+<br>Total Score: 4.5
Sunil Fruits,"Jalwayu Vihar, Noida",28.5849837,77.337694,Shivam,75000,4+,9540968482,20X10,All Fruits,2,2,0,0.5,4.5,C,red,Sunil Fruits<br>30 Days sale: 75000<br>Payment Cycle: 4+<br>Total Score: 4.5
Yogesh Fruits,"NSG Society, Noida",28.4471533,77.5024596,Shivam,75000,4+,7065262666,20X15,All Fruits,2,2,0,0.5,4.5,C,red,Yogesh Fruits<br>30 Days sale: 75000<br>Payment Cycle: 4+<br>Total Score: 4.5
Krishan Fruits,"Brindra City, Noida",28.5355161,77.3910265,Shivam,75000,4+,8368567330,10X10,All Fruits,2,2,0,0.5,4.5,C,red,Krishan Fruits<br>30 Days sale: 75000<br>Payment Cycle: 4+<br>Total Score: 4.5
Guru Kripa Fruits,"Engineer Park, Noida",28.4561373,77.5131368,Shivam,75000,4+,9811687853,10X10,All Fruits,2,2,0,0.5,4.5,C,red,Guru Kripa Fruits<br>30 Days sale: 75000<br>Payment Cycle: 4+<br>Total Score: 4.5
Ravi Fruits,"Pldco 4, Noida",28.5355161,77.3910265,Shivam,75000,4+,7838893302,10X10,All Fruits,2,2,0,0.5,4.5,C,red,Ravi Fruits<br>30 Days sale: 75000<br>Payment Cycle: 4+<br>Total Score: 4.5
Indra Fruits,"Parsunath Society, Noida",28.5187653,77.3861842,Shivam,75000,2+,9319166596,15X15,All Fruits,2,3,0,0.5,5.5,B,red,Indra Fruits<br>30 Days sale: 75000<br>Payment Cycle: 2+<br>Total Score: 5.5
 Dada Fruits,"P-3, Noida",28.5355161,77.3910265,Shivam,75000,2+,7982877123,20X20,All Fruits,2,3,0,0.5,5.5,B,red, Dada Fruits<br>30 Days sale: 75000<br>Payment Cycle: 2+<br>Total Score: 5.5
Sahil Fruits,WHO-Noida,28.5355161,77.3910265,Shivam,75000,2+,9871490667,15X10,All Fruits,2,3,0,0.5,5.5,B,red,Sahil Fruits<br>30 Days sale: 75000<br>Payment Cycle: 2+<br>Total Score: 5.5
Gupta Fruits,"ACE Platinium, Noida",28.6038172,77.403309,Shivam,75000,2+,9718141209,10X10,All Fruits,2,3,0,0.5,5.5,B,red,Gupta Fruits<br>30 Days sale: 75000<br>Payment Cycle: 2+<br>Total Score: 5.5
Himanshu Fruits,"Engineer Park, Noida",28.4561373,77.5131368,Shivam,75000,2+,8586812996,10X10,All Fruits,2,3,0,0.5,5.5,B,red,Himanshu Fruits<br>30 Days sale: 75000<br>Payment Cycle: 2+<br>Total Score: 5.5
Shivam Fruits," Omicron-1, Noida",28.5355161,77.3910265,Shivam,75000,2+,9650211875,10X10,All Fruits,2,3,0,0.5,5.5,B,red,Shivam Fruits<br>30 Days sale: 75000<br>Payment Cycle: 2+<br>Total Score: 5.5
Shubh Laxmi Fruits,"Jalwayu Vihar, Noida",28.5849837,77.337694,Shivam,75000,2+,9911714191,10X15,All Fruits,2,3,0,0.5,5.5,B,red,Shubh Laxmi Fruits<br>30 Days sale: 75000<br>Payment Cycle: 2+<br>Total Score: 5.5
Fruit Vega,"Samridhi-4, Noida",28.5355161,77.3910265,Shivam,75000,2+,9560307200,15X10,All Fruits,2,3,0,0.5,5.5,B,red,Fruit Vega<br>30 Days sale: 75000<br>Payment Cycle: 2+<br>Total Score: 5.5
Every Day Mart,"D-3, Noida",28.5355161,77.3910265,Shivam,135000,2+,9971438046,10X10,All Fruits,4,3,0,0.5,7.5,B,green,Every Day Mart<br>30 Days sale: 135000<br>Payment Cycle: 2+<br>Total Score: 7.5
Om Freash Fruits,"Stellar Jeevan, Noida",28.5652602,77.4483323,Shivam,135000,2+,7011565316,15X20,All Fruits,4,3,0,0.5,7.5,B,green,Om Freash Fruits<br>30 Days sale: 135000<br>Payment Cycle: 2+<br>Total Score: 7.5
Boby Fruits,"Sec.93, Noida",28.5259622,77.3835815,Shivam,135000,1,8447226672,10X15,All Fruits,4,4,0,0.5,8.5,A,green,Boby Fruits<br>30 Days sale: 135000<br>Payment Cycle: 1<br>Total Score: 8.5
Om Dairy,"ATS Sec.93, Noida",28.5259622,77.3835815,Shivam,135000,1,8527243060,10X15,All Fruits,4,4,0,0.5,8.5,A,green,Om Dairy<br>30 Days sale: 135000<br>Payment Cycle: 1<br>Total Score: 8.5
A-1 Fruit,"Noida, Sec.78",28.5613693,77.3847351,Shivam,60000,1,9717505351,15X20,All Fruits,1,4,0,1,6,B,green,A-1 Fruit<br>30 Days sale: 60000<br>Payment Cycle: 1<br>Total Score: 6
Fresh Fruits,"Noida, Sec.75",28.5744851,77.3826845,Shivam,60000,1,0120-3692799,15X20,All Fruits,1,4,0,1,6,B,green,Fresh Fruits<br>30 Days sale: 60000<br>Payment Cycle: 1<br>Total Score: 6
Go Fresh,"Noida, Sec.70",28.5974385,77.3826845,Shivam,60000,1,9710773232,30X15,All Fruits,1,4,0,1,6,B,green,Go Fresh<br>30 Days sale: 60000<br>Payment Cycle: 1<br>Total Score: 6
Fresh & Frooti,"Noida, Sec.70",28.5974385,77.3826845,Shivam,60000,1,9289216462,30X15,All Fruits,1,4,0,1,6,B,green,Fresh & Frooti<br>30 Days sale: 60000<br>Payment Cycle: 1<br>Total Score: 6
Allied Fruit,"Noida, Sec.50",28.5719972,77.3693678,Shivam,60000,1,9718433534,20X15,All Fruits,1,4,0,0.5,5.5,B,red,Allied Fruit<br>30 Days sale: 60000<br>Payment Cycle: 1<br>Total Score: 5.5
Lalit Fruit,"Gaur City-1, Noida",28.6107386,77.4250145,Shivam,135000,1,9540193259,10X12,All Fruits,4,4,0,0.5,8.5,A,green,Lalit Fruit<br>30 Days sale: 135000<br>Payment Cycle: 1<br>Total Score: 8.5
Monu Fruit,"Noida, Sec.3",28.5801879,77.3180866,Shivam,135000,1,8585914525,20X20,All Fruits,4,4,0,0.5,8.5,A,green,Monu Fruit<br>30 Days sale: 135000<br>Payment Cycle: 1<br>Total Score: 8.5
Tarkari Fruit,"Gaur City-1, Noida",28.6107386,77.4250145,Shivam,135000,1,8882574019,15X20,All Fruits,4,4,0,0.5,8.5,A,green,Tarkari Fruit<br>30 Days sale: 135000<br>Payment Cycle: 1<br>Total Score: 8.5
Farhaan Fruit,Gaur Sondryam,28.6046465,77.434872,Shivam,135000,1,9654108483,10X10,All Fruits,4,4,0,0.5,8.5,A,green,Farhaan Fruit<br>30 Days sale: 135000<br>Payment Cycle: 1<br>Total Score: 8.5
Jai Mata Di Fruit,"16th Avanue, Gaur City",28.6225341,77.4224702,Shivam,135000,1,9650644756,20X10,All Fruits,4,4,0,0.5,8.5,A,green,Jai Mata Di Fruit<br>30 Days sale: 135000<br>Payment Cycle: 1<br>Total Score: 8.5
Tiwari Fruit,"Stellar Jeevan, Noida",28.5652602,77.4483323,Shivam,135000,2+,8707431526,15X15,All Fruits,4,3,0,0.5,7.5,B,green,Tiwari Fruit<br>30 Days sale: 135000<br>Payment Cycle: 2+<br>Total Score: 7.5
Pramod Fruit,"Noida, Sec.1",28.5900173,77.3116215,Shivam,135000,2+,9211965056,10X10,All Fruits,4,3,0,0.5,7.5,B,green,Pramod Fruit<br>30 Days sale: 135000<br>Payment Cycle: 2+<br>Total Score: 7.5
Danish Fruit,"Noida, Sec.1",28.5900173,77.3116215,Shivam,135000,2+,8057680028,10X10,All Fruits,4,3,0.5,0.5,8,A,green,Danish Fruit<br>30 Days sale: 135000<br>Payment Cycle: 2+<br>Total Score: 8
Eat Fresh,"Gaur City-1, Noida",28.6107386,77.4250145,Shivam,99000,2+,9953979991,20X10,All Fruits,3,3,0.5,0.5,7,B,green,Eat Fresh<br>30 Days sale: 99000<br>Payment Cycle: 2+<br>Total Score: 7
Shiva Fruit,"Gaur City-2, Noida",28.6192679,77.4265032,Shivam,99000,2+,8826455240,15X10,All Fruits,3,3,0.5,0.5,7,B,green,Shiva Fruit<br>30 Days sale: 99000<br>Payment Cycle: 2+<br>Total Score: 7
Pandit Fruit,"Noida, Sec.119",28.5878501,77.4027753,Shivam,99000,2+,9313120925,15X15,All Fruits,3,3,0.5,0.5,7,B,green,Pandit Fruit<br>30 Days sale: 99000<br>Payment Cycle: 2+<br>Total Score: 7
Green Leaves,"Noida, Sec.100",28.5452415,77.3679479,Shivam,99000,2+,,15X10,All Fruits,3,3,0.5,0.5,7,B,green,Green Leaves<br>30 Days sale: 99000<br>Payment Cycle: 2+<br>Total Score: 7
No.1 Fruit,"Gaur City-1, Noida",28.6107386,77.4250145,Shivam,99000,2+,9582337174,10X10,All Fruits,3,3,0.5,0.5,7,B,green,No.1 Fruit<br>30 Days sale: 99000<br>Payment Cycle: 2+<br>Total Score: 7
Mandi House,"Noida, Sec.75",28.5744851,77.3826845,Shivam,99000,2+,8178232876,20X15,All Fruits,3,3,0.5,0.5,7,B,green,Mandi House<br>30 Days sale: 99000<br>Payment Cycle: 2+<br>Total Score: 7
Siya Ram Fruit,"Gaur City-2, Noida",28.6192679,77.4265032,Shivam,99000,2+,9560813152,10X10,All Fruits,3,3,0.5,0.5,7,B,green,Siya Ram Fruit<br>30 Days sale: 99000<br>Payment Cycle: 2+<br>Total Score: 7
Anjali Fruits,P3 Gr. Noida,28.4510429,77.5235432,Shivam,99000,2+,7982877123,15X20,All Fruits,3,3,0.5,0.5,7,B,green,Anjali Fruits<br>30 Days sale: 99000<br>Payment Cycle: 2+<br>Total Score: 7
Arif Fruits,2 Block 12,28.59795388,77.34441354,Shivam,99000,1,7351075731,30X15,All Fruits,3,4,0.5,0.5,8,A,green,Arif Fruits<br>30 Days sale: 99000<br>Payment Cycle: 1<br>Total Score: 8
Baipi Fruits,Gr. Noida ,28.4743879,77.5039904,Shivam,99000,1,9654171755,30X15,All Fruits,3,4,0.5,0.5,8,A,green,Baipi Fruits<br>30 Days sale: 99000<br>Payment Cycle: 1<br>Total Score: 8
Bhavani Vegetable,Gr. Noida ,28.4743879,77.5039904,Shivam,99000,1,9990265008,20X15,All Fruits,3,4,0.5,0.5,8,A,green,Bhavani Vegetable<br>30 Days sale: 99000<br>Payment Cycle: 1<br>Total Score: 8
Chhail Fruits,Gr. Noida ,28.4743879,77.5039904,Shivam,99000,1,8750490777,10X12,All Fruits,3,4,0.5,0.5,8,A,green,Chhail Fruits<br>30 Days sale: 99000<br>Payment Cycle: 1<br>Total Score: 8
Delhi Fruit Juice,Gr. Noida ,28.4743879,77.5039904,Shivam,99000,1,7861956786,20X20,All Fruits,3,4,0.5,0.5,8,A,green,Delhi Fruit Juice<br>30 Days sale: 99000<br>Payment Cycle: 1<br>Total Score: 8
Krishana Fruits & Vegetable,Gr. Noida ,28.4743879,77.5039904,Shivam,99000,1,9654309411,15X20,All Fruits,3,4,0.5,0.5,8,A,green,Krishana Fruits & Vegetable<br>30 Days sale: 99000<br>Payment Cycle: 1<br>Total Score: 8
Manoj Fruits,Gr. Noida ,28.4743879,77.5039904,Shivam,75000,1,8826480811,10X10,All Fruits,2,4,0.5,0.5,7,B,green,Manoj Fruits<br>30 Days sale: 75000<br>Payment Cycle: 1<br>Total Score: 7
Mishra Juice Corner ,Gr. Noida ,28.4743879,77.5039904,Shivam,75000,1,8178931387,20X10,All Fruits,2,4,0.5,0.5,7,B,green,Mishra Juice Corner <br>30 Days sale: 75000<br>Payment Cycle: 1<br>Total Score: 7
Mohni General Store,Alpha 1,28.47219854,77.51248569,Shivam,75000,1,9354073675,15X15,All Fruits,2,4,0.5,0.5,7,B,green,Mohni General Store<br>30 Days sale: 75000<br>Payment Cycle: 1<br>Total Score: 7
Pinku Fruits,Gr. Noida ,28.4743879,77.5039904,Shivam,75000,1,8376927033,10X10,All Fruits,2,4,0.5,0.5,7,B,green,Pinku Fruits<br>30 Days sale: 75000<br>Payment Cycle: 1<br>Total Score: 7
Ravi Fruits,Gr. Noida ,28.4743879,77.5039904,Shivam,75000,1,9548481136,10X10,All Fruits,2,4,0.5,0.5,7,B,green,Ravi Fruits<br>30 Days sale: 75000<br>Payment Cycle: 1<br>Total Score: 7
 Rina Fruits,P-3 SOCIETY,28.45126928,77.5236183,Shivam,75000,1,7838566031,20X10,All Fruits,2,4,0.5,0.5,7,B,green, Rina Fruits<br>30 Days sale: 75000<br>Payment Cycle: 1<br>Total Score: 7
 Sachin Fruits,Eldiceo Omaga 1,28.5872829,77.40334263,Shivam,75000,4+,9667656717,15X10,All Fruits,2,2,0.5,0.5,5,B,red, Sachin Fruits<br>30 Days sale: 75000<br>Payment Cycle: 4+<br>Total Score: 5
Satyprakash Fruits,Gr. Noida ,28.4743879,77.5039904,Shivam,75000,4+,9793200810,15X15,All Fruits,2,2,0.5,0.5,5,B,red,Satyprakash Fruits<br>30 Days sale: 75000<br>Payment Cycle: 4+<br>Total Score: 5
Store UP 16,"Engineer Park, Noida",28.4561373,77.5131368,Shivam,75000,2+,9811687853,15X10,All Fruits,2,3,0.5,0.5,6,B,green,Store UP 16<br>30 Days sale: 75000<br>Payment Cycle: 2+<br>Total Score: 6
Sudheer Fruits,Gaama 1,28.4847224,77.5001312,Shivam,75000,2+,9540655666,10X10,All Fruits,2,3,0.5,0.5,6,B,green,Sudheer Fruits<br>30 Days sale: 75000<br>Payment Cycle: 2+<br>Total Score: 6
Sunil Fruits,Beta 1,28.4797984,77.5060438,Shivam,75000,2+,7053443326,20X15,All Fruits,2,3,0.5,0.5,6,B,green,Sunil Fruits<br>30 Days sale: 75000<br>Payment Cycle: 2+<br>Total Score: 6
Vahid Fruits,Gr. Noida ,28.4743879,77.5039904,Shivam,75000,2+,9971057822,10X10,All Fruits,2,3,0.5,0.5,6,B,green,Vahid Fruits<br>30 Days sale: 75000<br>Payment Cycle: 2+<br>Total Score: 6
Virendra Fruits,Gr. Noida ,28.4743879,77.5039904,Shivam,135000,2+,9716175661,15X10,All Fruits,4,3,0.5,0.5,8,A,green,Virendra Fruits<br>30 Days sale: 135000<br>Payment Cycle: 2+<br>Total Score: 8
DAY 2 SHOPING MART,AVJ Hight Noida,28.4987526,77.5207376,Shivam,135000,2+,9456695822,10X10,All Fruits,4,3,0.5,1,8.5,A,green,DAY 2 SHOPING MART<br>30 Days sale: 135000<br>Payment Cycle: 2+<br>Total Score: 8.5
All in One Fruits,"Omicron 2, Gr. Noida",28.4673464,77.557643,Shivam,135000,2+,6393743128,10X10,All Fruits,4,3,0.5,1,8.5,A,green,All in One Fruits<br>30 Days sale: 135000<br>Payment Cycle: 2+<br>Total Score: 8.5
Pinku Fruits,Omicron 1 Gr. Noida,28.4621309,77.5633748,Shivam,135000,7+,9582540727,20X10,All Fruits,4,1,0.5,1,6.5,B,green,Pinku Fruits<br>30 Days sale: 135000<br>Payment Cycle: 7+<br>Total Score: 6.5
Vijay Subji Chowk, Noida ,28.5355161,77.3910265,Shivam,135000,7+,8527890736,10X10 ,All Fruits,4,1,0.5,1,6.5,B,green,Vijay Subji Chowk<br>30 Days sale: 135000<br>Payment Cycle: 7+<br>Total Score: 6.5
Shyam Fruit,Noida,28.5355161,77.3910265,Shivam,135000,7+,8602793363,15X20,All Fruits,4,1,0.5,1,6.5,B,green,Shyam Fruit<br>30 Days sale: 135000<br>Payment Cycle: 7+<br>Total Score: 6.5
Salman Fruits,Noida,28.5355161,77.3910265,Shivam,99000,7+,8587900088,10X10,All Fruits,3,1,0.5,1,5.5,B,red,Salman Fruits<br>30 Days sale: 99000<br>Payment Cycle: 7+<br>Total Score: 5.5
SK Mart,Noida,28.5355161,77.3910265,Shivam,99000,4+,9675052421,20X10,All Fruits,3,2,0.5,1,6.5,B,green,SK Mart<br>30 Days sale: 99000<br>Payment Cycle: 4+<br>Total Score: 6.5
Puspendra Safal Bazar,Noida,28.5355161,77.3910265,Shivam,99000,4+,9621066982,15X15,All Fruits,3,2,0.5,1,6.5,B,green,Puspendra Safal Bazar<br>30 Days sale: 99000<br>Payment Cycle: 4+<br>Total Score: 6.5
Chaman Fruits,Noida,28.5355161,77.3910265,Shivam,99000,4+,8587071267,10X10,All Fruits,3,2,0.5,1,6.5,B,green,Chaman Fruits<br>30 Days sale: 99000<br>Payment Cycle: 4+<br>Total Score: 6.5
Harish Fruits,Noida,28.5355161,77.3910265,Shivam,99000,4+,7304250655,10X10,All Fruits,3,2,0.5,1,6.5,B,green,Harish Fruits<br>30 Days sale: 99000<br>Payment Cycle: 4+<br>Total Score: 6.5
The Fruits,Noida,28.5355161,77.3910265,Shivam,99000,1,8375081147,20X10,All Fruits,3,4,0.5,1,8.5,A,green,The Fruits<br>30 Days sale: 99000<br>Payment Cycle: 1<br>Total Score: 8.5
Rahul Fruits,Noida,28.5355161,77.3910265,Shivam,99000,1,9315090771,15X10,All Fruits,3,4,0.5,1,8.5,A,green,Rahul Fruits<br>30 Days sale: 99000<br>Payment Cycle: 1<br>Total Score: 8.5
Fruit & Vegetable,Noida,28.5355161,77.3910265,Shivam,99000,1,7711417767,15X15,All Fruits,3,4,0.5,1,8.5,A,green,Fruit & Vegetable<br>30 Days sale: 99000<br>Payment Cycle: 1<br>Total Score: 8.5
Parag Dairy,Noida,28.5355161,77.3910265,Shivam,99000,1,9871336268,15X10,All Fruits,3,4,0.5,1,8.5,A,green,Parag Dairy<br>30 Days sale: 99000<br>Payment Cycle: 1<br>Total Score: 8.5
UMESH FRUIT,GOVIND PURI MCD PARK,28.53418226,77.26006338,Azhar,75000,1,9958970585,8*5,"WATERMILON, MUSK MILLION, MALTA ,MANGO,APPLE, GRAPS, ORANGE, BANANA",2,4,0.5,1,7.5,B,green,UMESH FRUIT<br>30 Days sale: 75000<br>Payment Cycle: 1<br>Total Score: 7.5
sunil fruit,hauz khas market,28.5513725,77.2067427,Azhar,75000,1,9667030529,6*6,"WATERMILON, MUSK MILLION, MALTA ,MANGO,APPLE, GRAPS, ORANGE, BANANA",2,4,1,1,8,A,green,sunil fruit<br>30 Days sale: 75000<br>Payment Cycle: 1<br>Total Score: 8
ramesh fruit,hauz khas d block ,28.5478897,77.2031247,Azhar,75000,1,9911045371,6*6,"WATERMILON, MUSK MILLION, MALTA ,MANGO,APPLE, GRAPS, ORANGE, BANANA",2,4,1,1,8,A,green,ramesh fruit<br>30 Days sale: 75000<br>Payment Cycle: 1<br>Total Score: 8
Ashok fruit,hauz khas d block ,28.5478897,77.2031247,Azhar,75000,1,7260831196,5*5,"WATERMILON, MUSK MILLION, MALTA ,MANGO,APPLE, GRAPS, ORANGE, BANANA",2,4,1,1,8,A,green,Ashok fruit<br>30 Days sale: 75000<br>Payment Cycle: 1<br>Total Score: 8
subhas fruit,yusuf sarai,28.5586804,77.2081801,Azhar,75000,1,9911972676,7*4,"WATERMILON, MUSK MILLION, MALTA ,MANGO,APPLE, GRAPS, ORANGE, BANANA",2,4,1,1,8,A,green,subhas fruit<br>30 Days sale: 75000<br>Payment Cycle: 1<br>Total Score: 8
samjad fruit,yusuf sarai,28.5586804,77.2081801,Azhar,75000,1,9810230394,7*4,"WATERMILON, MUSK MILLION, MALTA ,MANGO,APPLE, GRAPS, ORANGE, BANANA",2,4,1,1,8,A,green,samjad fruit<br>30 Days sale: 75000<br>Payment Cycle: 1<br>Total Score: 8
Ashsish fruit,r k puram sector 1,28.5633813,77.1823055,Azhar,75000,1,7836024140,7*5,all fruit  and imported ,2,4,1,1,8,A,green,Ashsish fruit<br>30 Days sale: 75000<br>Payment Cycle: 1<br>Total Score: 8
prem fruit,rk puram sector 1,28.5633813,77.1823055,Azhar,75000,1,9319946260,7*5,all fruit and imported,2,4,1,1,8,A,green,prem fruit<br>30 Days sale: 75000<br>Payment Cycle: 1<br>Total Score: 8
ajay fruit,rk puram sector 1,28.5633813,77.1823055,Azhar,75000,7+,7011266319,7*5,"WATERMILON, MUSK MILLION, MALTA ,MANGO,APPLE, GRAPS, ORANGE, BANANA",2,1,1,1,5,B,red,ajay fruit<br>30 Days sale: 75000<br>Payment Cycle: 7+<br>Total Score: 5
sikka fruut,rk puram sector 1,28.5633813,77.1823055,Azhar,75000,7+,7291059214,7*5,"WATERMILON, MUSK MILLION, MALTA ,MANGO,APPLE, GRAPS, ORANGE, BANANA",2,1,1,1,5,B,red,sikka fruut<br>30 Days sale: 75000<br>Payment Cycle: 7+<br>Total Score: 5
shyam sundar,mother dairy muirka dda flats,28.5532203,77.1745067,Azhar,75000,7+,8826208701,7*4,"WATERMILON, MUSK MILLION, MALTA ,MANGO,APPLE, GRAPS, ORANGE, BANANA",2,1,1,1,5,B,red,shyam sundar<br>30 Days sale: 75000<br>Payment Cycle: 7+<br>Total Score: 5
manish fruit,r k puram sector 1,28.5633813,77.1823055,Azhar,75000,7+,7275241783,7*5,"WATERMILON, MUSK MILLION, MALTA ,MANGO,APPLE, GRAPS, ORANGE, BANANA",2,1,1,1,5,B,red,manish fruit<br>30 Days sale: 75000<br>Payment Cycle: 7+<br>Total Score: 5
Guru Kripa,gk 2 near don bosco school,28.52898604,77.2447953,Azhar,75000,7+,9868404699,6*5,"WATERMILON, MUSK MILLION, MALTA ,MANGO,APPLE, GRAPS, ORANGE, BANANA",2,1,1,1,5,B,red,Guru Kripa<br>30 Days sale: 75000<br>Payment Cycle: 7+<br>Total Score: 5
 apna fruit,gk 2 m block market,28.534236,77.243909,Azhar,75000,2+,9818221741,7*5,"WATERMILON, MUSK MILLION, MALTA ,MANGO,APPLE, GRAPS, ORANGE, BANANA",2,3,1,1,7,B,green, apna fruit<br>30 Days sale: 75000<br>Payment Cycle: 2+<br>Total Score: 7
Balister singh sahoo,gk 2 M block,28.5348475,77.2441075,Azhar,75000,2+,9990926134,5*5,"WATERMILON, MUSK MILLION, MALTA ,MANGO,APPLE, GRAPS, ORANGE, BANANA",2,3,1,1,7,B,green,Balister singh sahoo<br>30 Days sale: 75000<br>Payment Cycle: 2+<br>Total Score: 7
 nand kishore,gk 2  market,28.53536,77.2419522,Azhar,75000,2+,9990306322,7*6,"WATERMILON, MUSK MILLION, MALTA ,MANGO,APPLE, GRAPS, ORANGE, BANANA",2,3,1,1,7,B,green, nand kishore<br>30 Days sale: 75000<br>Payment Cycle: 2+<br>Total Score: 7
Delhi state, gk 2  market,28.53536,77.2419522,Azhar,75000,2+,9654735408,7*6,"watermillion, muskmillion, malta, mango, apple, grapes, orange, banana all imported fruit",2,3,1,1,7,B,green,Delhi state<br>30 Days sale: 75000<br>Payment Cycle: 2+<br>Total Score: 7
abhishek , govindpuri near MCD ground,28.53381466,77.26005265,Azhar,75000,2+,9899057669,12*8,"WATERMILON, MUSK MILLION, MALTA ,MANGO,APPLE, GRAPS, ORANGE, BANANA",2,3,1,1,7,B,green,abhishek <br>30 Days sale: 75000<br>Payment Cycle: 2+<br>Total Score: 7
Balaji fruit,govindpuri NearMCD park,28.53381466,77.26005265,Azhar,75000,2+,9560206980,8*5,"WATERMILON, MUSK MILLION, MALTA ,MANGO,APPLE, GRAPS, ORANGE, BANANA",2,3,1,1,7,B,green,Balaji fruit<br>30 Days sale: 75000<br>Payment Cycle: 2+<br>Total Score: 7
Munazir,saket pushp vihar sector 1,28.5245665,77.2189594,Azhar,75000,2+,8130025005,7*6,"WATERMILON, MUSK MILLION, MALTA ,MANGO,APPLE, GRAPS, ORANGE, BANANA",2,3,1,1,7,B,green,Munazir<br>30 Days sale: 75000<br>Payment Cycle: 2+<br>Total Score: 7
Ahsan fruit,J block saket market,28.5231828,77.2157258,Azhar,75000,2+,9650278546,8*5,"watermillion, muskmillion, malta, mango, apple, grapes,  orange, banana and importes",2,3,1,1,7,B,green,Ahsan fruit<br>30 Days sale: 75000<br>Payment Cycle: 2+<br>Total Score: 7
shareef fruit,saket J block market,28.5231828,77.2157258,Azhar,75000,2+,7982100076,7*6,"watermillion, muskmillion, malta, mango, apple, grapes, orange, banana and imported",2,3,1,1,7,B,green,shareef fruit<br>30 Days sale: 75000<br>Payment Cycle: 2+<br>Total Score: 7
aman fruit,near Iti malviyanagar market,28.5342332,77.2094473,Azhar,135000,2+,9999070986,7*6,"WATERMILON, MUSK MILLION, MALTA ,MANGO,APPLE, GRAPS, ORANGE, BANANA",4,3,1,1,9,A,green,aman fruit<br>30 Days sale: 135000<br>Payment Cycle: 2+<br>Total Score: 9
charan singh,malviya nagarmarket,28.5342332,77.2094473,Azhar,135000,2+,9990335045,6*5,"WATERMILON, MUSK MILLION, MALTA ,MANGO,APPLE, GRAPS, ORANGE, BANANA",4,3,1,1,9,A,green,charan singh<br>30 Days sale: 135000<br>Payment Cycle: 2+<br>Total Score: 9
shiv shankar,green park market,28.5618637,77.2058444,Azhar,135000,2+,9811920459,12*15,"watermillion, muskmillion, malta, mango, apple, grapes, orange, banana all top quality fruit",4,3,1,1,9,A,green,shiv shankar<br>30 Days sale: 135000<br>Payment Cycle: 2+<br>Total Score: 9
Ashok fruit,green park  market,28.5618637,77.2058444,Azhar,135000,1,8130079506,6*5,"WATERMILON, MUSK MILLION, MALTA ,MANGO,APPLE, GRAPS, ORANGE, BANANA",4,4,1,1,10,A,green,Ashok fruit<br>30 Days sale: 135000<br>Payment Cycle: 1<br>Total Score: 10
sai fruits,green park market,28.5618637,77.2058444,Azhar,135000,1,9810221595,10*15,"watermillion, muskmillion, malta, mango, apple, grapes, orange, banana all top quality fruit",4,4,1,1,10,A,green,sai fruits<br>30 Days sale: 135000<br>Payment Cycle: 1<br>Total Score: 10
golden fruits,INA market,28.5744644,77.2101563,Azhar,135000,1,8826830836,8*7,"watermillion, muskmillion, malta, mango, apple, grapes, orange, banana and imported",4,4,1,1,10,A,green,golden fruits<br>30 Days sale: 135000<br>Payment Cycle: 1<br>Total Score: 10
sethi fruits,INA market,28.5744644,77.2101563,Azhar,99000,1,9811027365,10*10,"watermillion, muskmillion, malta, mango, apple, grapes, orange, banana and imported",3,4,1,1,9,A,green,sethi fruits<br>30 Days sale: 99000<br>Payment Cycle: 1<br>Total Score: 9
harsh ahuja fruits, INA market,28.5744644,77.2101563,Azhar,99000,1,9811089699,10*10,"watermillion, muskmillion, malta, mango, apple, grapes, orange, banana and imported",3,4,1,1,9,A,green,harsh ahuja fruits<br>30 Days sale: 99000<br>Payment Cycle: 1<br>Total Score: 9
Gulfam  fruits,defence colony,28.5733536,77.2326497,Azhar,99000,1,9911421027,6*5,"WATERMILON, MUSK MILLION, MALTA ,MANGO,APPLE, GRAPS, ORANGE, BANANA",3,4,1,1,9,A,green,Gulfam  fruits<br>30 Days sale: 99000<br>Payment Cycle: 1<br>Total Score: 9
pushpendre fruits ,hauz khas market,28.5513725,77.2067427,Azhar,99000,1,7011192041,6*5,"WATERMILON, MUSK MILLION, MALTA ,MANGO,APPLE, GRAPS, ORANGE, BANANA",3,4,1,1,9,A,green,pushpendre fruits <br>30 Days sale: 99000<br>Payment Cycle: 1<br>Total Score: 9
kapish fruit,indra market munirka,28.5532203,77.1745067,Azhar,99000,1,9990294946,10*5,"WATERMILON, MUSK MILLION, MALTA ,MANGO,APPLE, GRAPS, ORANGE, BANANA",3,4,1,1,9,A,green,kapish fruit<br>30 Days sale: 99000<br>Payment Cycle: 1<br>Total Score: 9
kabir fruits,r k puram sector 6,28.566073,77.1729605,Azhar,99000,1,9315391857,10*6,"WATERMILON, MUSK MILLION, MALTA ,MANGO,APPLE, GRAPS, ORANGE, BANANA",3,4,1,1,9,A,green,kabir fruits<br>30 Days sale: 99000<br>Payment Cycle: 1<br>Total Score: 9
munni lal,r k puram sector 6,28.566073,77.1729605,Azhar,99000,1,9968405348,10*5,"WATERMILON, MUSK MILLION, MALTA ,MANGO,APPLE, GRAPS, ORANGE, BANANA",3,4,1,1,9,A,green,munni lal<br>30 Days sale: 99000<br>Payment Cycle: 1<br>Total Score: 9
naseer fruit,malviya nagar market,28.5342332,77.2094473,Azhar,99000,1,9650248929,10*5,"WATERMILON, MUSK MILLION, MALTA ,MANGO,APPLE, GRAPS, ORANGE, BANANA",3,4,1,1,9,A,green,naseer fruit<br>30 Days sale: 99000<br>Payment Cycle: 1<br>Total Score: 9
Raj fruit,malviya nagar market,28.5342332,77.2094473,Azhar,135000,1,7838434234,10*5,"WATERMILON, MUSK MILLION, MALTA ,MANGO,APPLE, GRAPS, ORANGE, BANANA",4,4,1,1,10,A,green,Raj fruit<br>30 Days sale: 135000<br>Payment Cycle: 1<br>Total Score: 10
rafiq fruit,malviya nagar market,28.5342332,77.2094473,Azhar,135000,1,9354626518,8*5,"WATERMILON, MUSK MILLION, MALTA ,MANGO,APPLE, GRAPS, ORANGE, BANANA",4,4,1,1,10,A,green,rafiq fruit<br>30 Days sale: 135000<br>Payment Cycle: 1<br>Total Score: 10
zakir fruit,malviya nagar market,28.5342332,77.2094473,Azhar,135000,1,9899512656,8*5,"WATERMILON, MUSK MILLION, MALTA ,MANGO,APPLE, GRAPS, ORANGE, BANANA",4,4,1,1,10,A,green,zakir fruit<br>30 Days sale: 135000<br>Payment Cycle: 1<br>Total Score: 10
roshini fruit,malviya nagar gupta colony,28.5339155,77.2164256,Azhar,135000,1,9650154616,7*5,"WATERMILON, MUSK MILLION, MALTA ,MANGO,APPLE, GRAPS, ORANGE, BANANA",4,4,1,1,10,A,green,roshini fruit<br>30 Days sale: 135000<br>Payment Cycle: 1<br>Total Score: 10
lalit fruit,sheikh sarai,28.5363155,77.2218338,Azhar,135000,1,9354051190,7*5,"WATERMILON, MUSK MILLION, MALTA ,MANGO,APPLE, GRAPS, ORANGE, BANANA",4,4,1,1,10,A,green,lalit fruit<br>30 Days sale: 135000<br>Payment Cycle: 1<br>Total Score: 10
muashid fruit,sheikh sarai,28.5363155,77.2218338,Azhar,135000,1,9084225890,7*5,"WATERMILON, MUSK MILLION, MALTA ,MANGO,APPLE, GRAPS, ORANGE, BANANA",4,4,1,1,10,A,green,muashid fruit<br>30 Days sale: 135000<br>Payment Cycle: 1<br>Total Score: 10
zaheer fruit,saket j block,28.5205014,77.2139292,Azhar,135000,7+,9811178221,9*7,"WATERMILON, MUSK MILLION, MALTA ,MANGO,APPLE, GRAPS, ORANGE, BANANA",4,1,1,1,7,B,green,zaheer fruit<br>30 Days sale: 135000<br>Payment Cycle: 7+<br>Total Score: 7
salim fruit,chirag delhi,28.5376318,77.2282863,Azhar,135000,7+,9643183658,6*5,"WATERMILON, MUSK MILLION, MALTA ,MANGO,APPLE, GRAPS, ORANGE, BANANA",4,1,1,0.5,6.5,B,green,salim fruit<br>30 Days sale: 135000<br>Payment Cycle: 7+<br>Total Score: 6.5
babu fruit,chirag delhi,28.5376318,77.2282863,Azhar,135000,7+,9315099230,6*6,"WATERMILON, MUSK MILLION, MALTA ,MANGO,APPLE, GRAPS, ORANGE, BANANA",4,1,1,0.5,6.5,B,green,babu fruit<br>30 Days sale: 135000<br>Payment Cycle: 7+<br>Total Score: 6.5
delhi fruit,krishan market lajpat nagar,28.5748327,77.242087,Azhar,135000,7+,7042427847,5*6,"WATERMILON, MUSK MILLION, MALTA ,MANGO,APPLE, GRAPS, ORANGE, BANANA",4,1,1,0.5,6.5,B,green,delhi fruit<br>30 Days sale: 135000<br>Payment Cycle: 7+<br>Total Score: 6.5
sonu ,krishan market lajpat nagar,28.5748327,77.242087,Azhar,135000,7+,9650089340,8*7,"WATERMILON, MUSK MILLION, MALTA ,MANGO,APPLE, GRAPS, ORANGE, BANANA",4,1,1,0.5,6.5,B,green,sonu <br>30 Days sale: 135000<br>Payment Cycle: 7+<br>Total Score: 6.5
subrati,krishan market lajpat nagar,28.5748327,77.242087,Azhar,135000,7+,9910281945,65,"WATERMILON, MUSK MILLION, MALTA ,MANGO,APPLE, GRAPS, ORANGE, BANANA",4,1,1,0.5,6.5,B,green,subrati<br>30 Days sale: 135000<br>Payment Cycle: 7+<br>Total Score: 6.5
pintu,krishan market lajpat nagar,28.5748327,77.242087,Azhar,60000,7+,9717138752,6*5,"WATERMILON, MUSK MILLION, MALTA ,MANGO,APPLE, GRAPS, ORANGE, BANANA",1,1,1,0.5,3.5,C,red,pintu<br>30 Days sale: 60000<br>Payment Cycle: 7+<br>Total Score: 3.5
sonu ali,krishan market lajpat nagar,28.5748327,77.242087,Azhar,60000,7+,9810429099,5*5,"WATERMILON, MUSK MILLION, MALTA ,MANGO,APPLE, GRAPS, ORANGE, BANANA",1,1,1,0.5,3.5,C,red,sonu ali<br>30 Days sale: 60000<br>Payment Cycle: 7+<br>Total Score: 3.5
durga prasad,krishan market lajpat nagar,28.5748327,77.242087,Azhar,60000,1,9560708685,7*8,"WATERMILON, MUSK MILLION, MALTA ,MANGO,APPLE, GRAPS, ORANGE, BANANA",1,4,1,0.5,6.5,B,green,durga prasad<br>30 Days sale: 60000<br>Payment Cycle: 1<br>Total Score: 6.5
ravi,maidan garhi chattarpur,28.4997988,77.195326,Azhar,60000,1,9871294739,5*5,"WATERMILON, MUSK MILLION, MALTA ,MANGO,APPLE, GRAPS, ORANGE, BANANA",1,4,1,0.5,6.5,B,green,ravi<br>30 Days sale: 60000<br>Payment Cycle: 1<br>Total Score: 6.5
arman ,malviya nagar market,28.5342332,77.2094473,Azhar,60000,1,9599465917,5*5,"WATERMILON, MUSK MILLION, MALTA ,MANGO,APPLE, GRAPS, ORANGE, BANANA",1,4,1,0.5,6.5,B,green,arman <br>30 Days sale: 60000<br>Payment Cycle: 1<br>Total Score: 6.5
jawed,malviya nagar market,28.5342332,77.2094473,Azhar,60000,1,9643887853,6*6,"WATERMILON, MUSK MILLION, MALTA ,MANGO,APPLE, GRAPS, ORANGE, BANANA",1,4,1,0.5,6.5,B,green,jawed<br>30 Days sale: 60000<br>Payment Cycle: 1<br>Total Score: 6.5
jawed,saket j block,28.5205014,77.2139292,Azhar,60000,1,9810222597,6*5,"WATERMILON, MUSK MILLION, MALTA ,MANGO,APPLE, GRAPS, ORANGE, BANANA",1,4,1,0.5,6.5,B,green,jawed<br>30 Days sale: 60000<br>Payment Cycle: 1<br>Total Score: 6.5
manglam,pancsheel enclave,28.54482,77.2283008,Azhar,60000,1,9810128131,8*8,"WATERMILON, MUSK MILLION, MALTA ,MANGO,APPLE, GRAPS, ORANGE, BANANA",1,4,1,0.5,6.5,B,green,manglam<br>30 Days sale: 60000<br>Payment Cycle: 1<br>Total Score: 6.5
rajesh,gk 2 m block,28.5348475,77.2441075,Azhar,60000,1,9868728139,5*5,"WATERMILON, MUSK MILLION, MALTA ,MANGO,APPLE, GRAPS, ORANGE, BANANA",1,4,1,0.5,6.5,B,green,rajesh<br>30 Days sale: 60000<br>Payment Cycle: 1<br>Total Score: 6.5
shree sai,gk 2 e block,28.5569617,77.2072869,Azhar,60000,1,9560274438,6*5,"WATERMILON, MUSK MILLION, MALTA ,MANGO,APPLE, GRAPS, ORANGE, BANANA",1,4,1,0.5,6.5,B,green,shree sai<br>30 Days sale: 60000<br>Payment Cycle: 1<br>Total Score: 6.5
jaswant,gk 2 e block,28.5569617,77.2072869,Azhar,135000,1,9654113043,8*7,"WATERMILON, MUSK MILLION, MALTA ,MANGO,APPLE, GRAPS, ORANGE, BANANA",4,4,1,0.5,9.5,A,green,jaswant<br>30 Days sale: 135000<br>Payment Cycle: 1<br>Total Score: 9.5
suresh,c r park market,28.5397842,77.2489726,Azhar,135000,1,9650461615,6*5,"WATERMILON, MUSK MILLION, MALTA ,MANGO,APPLE, GRAPS, ORANGE, BANANA",4,4,1,0.5,9.5,A,green,suresh<br>30 Days sale: 135000<br>Payment Cycle: 1<br>Total Score: 9.5
aone fruit,push vihar saket,28.5220971,77.2101534,Azhar,135000,1,9999325898,8*7,"WATERMILON, MUSK MILLION, MALTA ,MANGO,APPLE, GRAPS, ORANGE, BANANA",4,4,1,0.5,9.5,A,green,aone fruit<br>30 Days sale: 135000<br>Payment Cycle: 1<br>Total Score: 9.5
sahil,pushp vihar saket,28.5220971,77.2101534,Azhar,135000,1,9958115733,5*5,"WATERMILON, MUSK MILLION, MALTA ,MANGO,APPLE, GRAPS, ORANGE, BANANA",4,4,1,0.5,9.5,A,green,sahil<br>30 Days sale: 135000<br>Payment Cycle: 1<br>Total Score: 9.5
shyam,kalka ji market,28.5399515,77.2591579,Azhar,135000,1,7838731609,6*5,"WATERMILON, MUSK MILLION, MALTA ,MANGO,APPLE, GRAPS, ORANGE, BANANA",4,4,1,0.5,9.5,A,green,shyam<br>30 Days sale: 135000<br>Payment Cycle: 1<br>Total Score: 9.5
krishna,mehrauli market,28.5204637,77.178666,Azhar,135000,1,7982843865,6*6,"WATERMILON, MUSK MILLION, MALTA ,MANGO,APPLE, GRAPS, ORANGE, BANANA",4,4,1,0.5,9.5,A,green,krishna<br>30 Days sale: 135000<br>Payment Cycle: 1<br>Total Score: 9.5
lallan,mehrauli market,28.5204637,77.178666,Azhar,135000,1,9958918166,6*6,"WATERMILON, MUSK MILLION, MALTA ,MANGO,APPLE, GRAPS, ORANGE, BANANA",4,4,1,0.5,9.5,A,green,lallan<br>30 Days sale: 135000<br>Payment Cycle: 1<br>Total Score: 9.5
pradeep,mehrauli market,28.5204637,77.178666,Azhar,135000,2+,8851665208,7*5,"WATERMILON, MUSK MILLION, MALTA ,MANGO,APPLE, GRAPS, ORANGE, BANANA",4,3,1,1,9,A,green,pradeep<br>30 Days sale: 135000<br>Payment Cycle: 2+<br>Total Score: 9
sadre alam,mehrauli market,28.5204637,77.178666,Azhar,135000,2+,7303935355,6*5,"WATERMILON, MUSK MILLION, MALTA ,MANGO,APPLE, GRAPS, ORANGE, BANANA",4,3,1,1,9,A,green,sadre alam<br>30 Days sale: 135000<br>Payment Cycle: 2+<br>Total Score: 9
subham,mehrauli market,28.5204637,77.178666,Azhar,135000,2+,8860105241,7*5,"WATERMILON, MUSK MILLION, MALTA ,MANGO,APPLE, GRAPS, ORANGE, BANANA",4,3,1,1,9,A,green,subham<br>30 Days sale: 135000<br>Payment Cycle: 2+<br>Total Score: 9
sudhir,mehrauli market,28.5204637,77.178666,Azhar,135000,2+,9810710836,7*5,"WATERMILON, MUSK MILLION, MALTA ,MANGO,APPLE, GRAPS, ORANGE, BANANA",4,3,1,1,9,A,green,sudhir<br>30 Days sale: 135000<br>Payment Cycle: 2+<br>Total Score: 9
mohit,hauz khas market,28.5513725,77.2067427,Azhar,75000,2+,9958610216,5*6,"WATERMILON, MUSK MILLION, MALTA ,MANGO,APPLE, GRAPS, ORANGE, BANANA",2,3,1,1,7,B,green,mohit<br>30 Days sale: 75000<br>Payment Cycle: 2+<br>Total Score: 7
mukesh,hauz khas market,28.5513725,77.2067427,Azhar,75000,2+,9811973506,6*5,"WATERMILON, MUSK MILLION, MALTA ,MANGO,APPLE, GRAPS, ORANGE, BANANA",2,3,1,1,7,B,green,mukesh<br>30 Days sale: 75000<br>Payment Cycle: 2+<br>Total Score: 7
lal singh,r k puram sector 1,28.5633813,77.1823055,Azhar,75000,2+,9911981607,8*10,"WATERMILON, MUSK MILLION, MALTA ,MANGO,APPLE, GRAPS, ORANGE, BANANA",2,3,1,1,7,B,green,lal singh<br>30 Days sale: 75000<br>Payment Cycle: 2+<br>Total Score: 7
amjad,malviya nagar,28.5342332,77.2094473,Azhar,75000,2+,9654501696,6*6,"WATERMILON, MUSK MILLION, MALTA ,MANGO,APPLE, GRAPS, ORANGE, BANANA",2,3,1,1,7,B,green,amjad<br>30 Days sale: 75000<br>Payment Cycle: 2+<br>Total Score: 7
devender,malviya nagar,28.5342332,77.2094473,Azhar,75000,2+,9810882308,5*5,"WATERMILON, MUSK MILLION, MALTA ,MANGO,APPLE, GRAPS, ORANGE, BANANA",2,3,1,1,7,B,green,devender<br>30 Days sale: 75000<br>Payment Cycle: 2+<br>Total Score: 7
gopal,malviya nagar,28.5342332,77.2094473,Azhar,75000,2+,8859557162,6*5,"WATERMILON, MUSK MILLION, MALTA ,MANGO,APPLE, GRAPS, ORANGE, BANANA",2,3,1,1,7,B,green,gopal<br>30 Days sale: 75000<br>Payment Cycle: 2+<br>Total Score: 7
jabar singh,malviya nagar,28.5342332,77.2094473,Azhar,75000,2+,9650768481,5*5,"WATERMILON, MUSK MILLION, MALTA ,MANGO,APPLE, GRAPS, ORANGE, BANANA",2,3,1,1,7,B,green,jabar singh<br>30 Days sale: 75000<br>Payment Cycle: 2+<br>Total Score: 7
sahil,malviya nagar,28.5342332,77.2094473,Azhar,75000,2+,7037884614,5*5,"WATERMILON, MUSK MILLION, MALTA ,MANGO,APPLE, GRAPS, ORANGE, BANANA",2,3,1,1,7,B,green,sahil<br>30 Days sale: 75000<br>Payment Cycle: 2+<br>Total Score: 7
tariq,malviya nagar,28.5342332,77.2094473,Azhar,75000,2+,8920451612,5*5,"WATERMILON, MUSK MILLION, MALTA ,MANGO,APPLE, GRAPS, ORANGE, BANANA",2,3,1,1,7,B,green,tariq<br>30 Days sale: 75000<br>Payment Cycle: 2+<br>Total Score: 7
madan,hauz khas,28.5478897,77.2031247,Azhar,75000,2+,9870714387,6*5,"WATERMILON, MUSK MILLION, MALTA ,MANGO,APPLE, GRAPS, ORANGE, BANANA",2,3,1,1,7,B,green,madan<br>30 Days sale: 75000<br>Payment Cycle: 2+<br>Total Score: 7
ramesh fruit,hauz khas,28.5478897,77.2031247,Azhar,75000,2+,9650222363,5*5,"WATERMILON, MUSK MILLION, MALTA ,MANGO,APPLE, GRAPS, ORANGE, BANANA",2,3,1,1,7,B,green,ramesh fruit<br>30 Days sale: 75000<br>Payment Cycle: 2+<br>Total Score: 7
naseem fruit,yusuf sarai,28.5586804,77.2081801,Azhar,75000,2+,,8*6,"WATERMILON, MUSK MILLION, MALTA ,MANGO,APPLE, GRAPS, ORANGE, BANANA",2,3,1,1,7,B,green,naseem fruit<br>30 Days sale: 75000<br>Payment Cycle: 2+<br>Total Score: 7
intizar,saket pvr,28.5237554,77.207147,Azhar,75000,4+,9811320505,5*5,"WATERMILON, MUSK MILLION, MALTA ,MANGO,APPLE, GRAPS, ORANGE, BANANA",2,2,1,1,6,B,green,intizar<br>30 Days sale: 75000<br>Payment Cycle: 4+<br>Total Score: 6
pappu,malviya nagar,28.5342332,77.2094473,Azhar,135000,4+,9354656766,6*5,"WATERMILON, MUSK MILLION, MALTA ,MANGO,APPLE, GRAPS, ORANGE, BANANA",4,2,1,1,8,A,green,pappu<br>30 Days sale: 135000<br>Payment Cycle: 4+<br>Total Score: 8
rehman,malviya nagar,28.5342332,77.2094473,Azhar,135000,4+,9105642140,5*6,"WATERMILON, MUSK MILLION, MALTA ,MANGO,APPLE, GRAPS, ORANGE, BANANA",4,2,1,1,8,A,green,rehman<br>30 Days sale: 135000<br>Payment Cycle: 4+<br>Total Score: 8
rafiq,malviya nagar,28.5342332,77.2094473,Azhar,135000,4+,9354626518,5*6,"WATERMILON, MUSK MILLION, MALTA ,MANGO,APPLE, GRAPS, ORANGE, BANANA",4,2,1,1,8,A,green,rafiq<br>30 Days sale: 135000<br>Payment Cycle: 4+<br>Total Score: 8
ganesh,malviya nagar,28.5342332,77.2094473,Azhar,135000,4+,8527765868,5*5,"WATERMILON, MUSK MILLION, MALTA ,MANGO,APPLE, GRAPS, ORANGE, BANANA",4,2,1,1,8,A,green,ganesh<br>30 Days sale: 135000<br>Payment Cycle: 4+<br>Total Score: 8
dharmendra,malviya nagar,28.5342332,77.2094473,Azhar,135000,7+,7037417408,5*5,"WATERMILON, MUSK MILLION, MALTA ,MANGO,APPLE, GRAPS, ORANGE, BANANA",4,1,1,0.5,6.5,B,green,dharmendra<br>30 Days sale: 135000<br>Payment Cycle: 7+<br>Total Score: 6.5
hari chand,malviya nagar,28.5342332,77.2094473,Azhar,135000,7+,9560585465,5*5,"WATERMILON, MUSK MILLION, MALTA ,MANGO,APPLE, GRAPS, ORANGE, BANANA",4,1,1,0.5,6.5,B,green,hari chand<br>30 Days sale: 135000<br>Payment Cycle: 7+<br>Total Score: 6.5
rinku,malviya nagar,28.5342332,77.2094473,Azhar,135000,7+,9540996051,5*5,"WATERMILON, MUSK MILLION, MALTA ,MANGO,APPLE, GRAPS, ORANGE, BANANA",4,1,1,0.5,6.5,B,green,rinku<br>30 Days sale: 135000<br>Payment Cycle: 7+<br>Total Score: 6.5
mehboob,malviya nagar,28.5342332,77.2094473,Azhar,135000,7+,9193833813,5*5,"WATERMILON, MUSK MILLION, MALTA ,MANGO,APPLE, GRAPS, ORANGE, BANANA",4,1,1,0.5,6.5,B,green,mehboob<br>30 Days sale: 135000<br>Payment Cycle: 7+<br>Total Score: 6.5
faizan,malviya nagar,28.5342332,77.2094473,Azhar,135000,7+,7290843008,5*5,"WATERMILON, MUSK MILLION, MALTA ,MANGO,APPLE, GRAPS, ORANGE, BANANA",4,1,1,0.5,6.5,B,green,faizan<br>30 Days sale: 135000<br>Payment Cycle: 7+<br>Total Score: 6.5
shanu,malviya nagar,28.5342332,77.2094473,Azhar,135000,7+,9810340399,5*5,"WATERMILON, MUSK MILLION, MALTA ,MANGO,APPLE, GRAPS, ORANGE, BANANA",4,1,1,0.5,6.5,B,green,shanu<br>30 Days sale: 135000<br>Payment Cycle: 7+<br>Total Score: 6.5
sahil,malviya nagar,28.5342332,77.2094473,Azhar,135000,7+,7428565489,6*5,"WATERMILON, MUSK MILLION, MALTA ,MANGO,APPLE, GRAPS, ORANGE, BANANA",4,1,1,0.5,6.5,B,green,sahil<br>30 Days sale: 135000<br>Payment Cycle: 7+<br>Total Score: 6.5
hussain,hauz rani,28.5291588,77.2106953,Azhar,135000,2+,9911701615,5*5,"WATERMILON, MUSK MILLION, MALTA ,MANGO,APPLE, GRAPS, ORANGE, BANANA",4,3,1,0.5,8.5,A,green,hussain<br>30 Days sale: 135000<br>Payment Cycle: 2+<br>Total Score: 8.5
saleem,hauz Rani,28.5291588,77.2106953,Azhar,135000,2+,8527189656,5*5,"WATERMILON, MUSK MILLION, MALTA ,MANGO,APPLE, GRAPS, ORANGE, BANANA",4,3,1,0.5,8.5,A,green,saleem<br>30 Days sale: 135000<br>Payment Cycle: 2+<br>Total Score: 8.5
saleem,hauz rani,28.5342332,77.2094473,Azhar,135000,2+,9811672346,5*5,"WATERMILON, MUSK MILLION, MALTA ,MANGO,APPLE, GRAPS, ORANGE, BANANA",4,3,1,0.5,8.5,A,green,saleem<br>30 Days sale: 135000<br>Payment Cycle: 2+<br>Total Score: 8.5
saleem,malviya nagar,28.5342332,77.2094473,Azhar,135000,2+,7017923026,5*5,"WATERMILON, MUSK MILLION, MALTA ,MANGO,APPLE, GRAPS, ORANGE, BANANA",4,3,1,0.5,8.5,A,green,saleem<br>30 Days sale: 135000<br>Payment Cycle: 2+<br>Total Score: 8.5
naheem,malviya nagar,28.5376318,77.2282863,Azhar,135000,2+,9311065604,6*5,"WATERMILON, MUSK MILLION, MALTA ,MANGO,APPLE, GRAPS, ORANGE, BANANA",4,3,1,0.5,8.5,A,green,naheem<br>30 Days sale: 135000<br>Payment Cycle: 2+<br>Total Score: 8.5
tariq,chirag delhi,28.6539087,77.2712102,Azhar,135000,2+,9711424412,5*5,"WATERMILON, MUSK MILLION, MALTA ,MANGO,APPLE, GRAPS, ORANGE, BANANA",4,3,1,0.5,8.5,A,green,tariq<br>30 Days sale: 135000<br>Payment Cycle: 2+<br>Total Score: 8.5
Momd. Ijad Fruits,Geeta Colony,28.6539087,77.2712102,Azhar,135000,2+,9313620528,10*8,5,4,3,1,0.5,8.5,A,green,Momd. Ijad Fruits<br>30 Days sale: 135000<br>Payment Cycle: 2+<br>Total Score: 8.5
Seebu Fruits,Geeta Colony,28.6539087,77.2712102,Azhar,135000,2+,8303229421,10*10,4,4,3,1,0.5,8.5,A,green,Seebu Fruits<br>30 Days sale: 135000<br>Payment Cycle: 2+<br>Total Score: 8.5
Pintu Fruits,Geeta Colony,28.6539087,77.2712102,Azhar,135000,2+,8920454619,10*8,1,4,3,1,0.5,8.5,A,green,Pintu Fruits<br>30 Days sale: 135000<br>Payment Cycle: 2+<br>Total Score: 8.5
Krishna Fruits,Geeta Colony,28.6539087,77.2712102,Azhar,135000,2+,8700746173,15*10,16,4,3,1,0.5,8.5,A,green,Krishna Fruits<br>30 Days sale: 135000<br>Payment Cycle: 2+<br>Total Score: 8.5
Sanju Coconut,Geeta Colony,28.6539087,77.2712102,Azhar,135000,7+,8851551618,10*10,1,4,1,1,0.5,6.5,B,green,Sanju Coconut<br>30 Days sale: 135000<br>Payment Cycle: 7+<br>Total Score: 6.5
Vishnu Fruits,Geeta Colony,28.6539087,77.2712102,Azhar,135000,7+,9873191328,12*12,15,4,1,1,0.5,6.5,B,green,Vishnu Fruits<br>30 Days sale: 135000<br>Payment Cycle: 7+<br>Total Score: 6.5
Akhilesh Kumar Fruits,Geeta Colony,28.6539087,77.2712102,Azhar,60000,7+,7752814866,10*10,10,1,1,1,0.5,3.5,C,red,Akhilesh Kumar Fruits<br>30 Days sale: 60000<br>Payment Cycle: 7+<br>Total Score: 3.5
Sameem Ahmad Fruit,Geeta Colony,28.6539087,77.2712102,Azhar,60000,7+,9810787484,10*12,10,1,1,1,0.5,3.5,C,red,Sameem Ahmad Fruit<br>30 Days sale: 60000<br>Payment Cycle: 7+<br>Total Score: 3.5
Vakil Ahmad Fruit,Geeta Colony,28.6539087,77.2712102,Azhar,60000,7+,9654829465,12*10,10,1,1,1,0.5,3.5,C,red,Vakil Ahmad Fruit<br>30 Days sale: 60000<br>Payment Cycle: 7+<br>Total Score: 3.5
Samim Fruit,Geeta Colony,28.6539087,77.2712102,Azhar,60000,7+,9917418010,10*8,4,1,1,1,0.5,3.5,C,red,Samim Fruit<br>30 Days sale: 60000<br>Payment Cycle: 7+<br>Total Score: 3.5
Chanda Fruit,Geeta Colony,28.6539087,77.2712102,Azhar,60000,1,9899325286,10*10,15,1,4,1,0.5,6.5,B,green,Chanda Fruit<br>30 Days sale: 60000<br>Payment Cycle: 1<br>Total Score: 6.5
Kamlesh Fruits,Geeta Colony,28.63642,77.2927538,Azhar,60000,1,9873980772,12*10,12,1,4,1,0.5,6.5,B,green,Kamlesh Fruits<br>30 Days sale: 60000<br>Payment Cycle: 1<br>Total Score: 6.5
Super Fruit Corner,Preet Vihar,28.63642,77.2927538,Azhar,60000,1,9811679234,15*12,15,1,4,1,0.5,6.5,B,green,Super Fruit Corner<br>30 Days sale: 60000<br>Payment Cycle: 1<br>Total Score: 6.5
Israt Fruit,Preet Vihar,28.6083697,77.293112,Azhar,60000,1,8439170149,10*10,8,1,4,1,0.5,6.5,B,green,Israt Fruit<br>30 Days sale: 60000<br>Payment Cycle: 1<br>Total Score: 6.5
Javed Fruits,Mayur Vihar Phase-1,28.6083697,77.293112,Azhar,60000,1,9717123822,10*10,12,1,4,1,0.5,6.5,B,green,Javed Fruits<br>30 Days sale: 60000<br>Payment Cycle: 1<br>Total Score: 6.5
Sonu Raaj Fruit,Mayur Vihar Phase-1,28.6083697,77.293112,Azhar,60000,1,9310609549,10*12,10,1,4,1,0.5,6.5,B,green,Sonu Raaj Fruit<br>30 Days sale: 60000<br>Payment Cycle: 1<br>Total Score: 6.5
Md. Akber Fruits,Mayur Vihar Phase -1,28.6083697,77.293112,Azhar,60000,1,8676083586,10*10,8,1,4,1,0.5,6.5,B,green,Md. Akber Fruits<br>30 Days sale: 60000<br>Payment Cycle: 1<br>Total Score: 6.5
Rafeek Fruits,Mayur Vihar Phase-1,28.6083697,77.293112,Dharmender,60000,1,8210240904,10*10,10,1,4,1,0.5,6.5,B,green,Rafeek Fruits<br>30 Days sale: 60000<br>Payment Cycle: 1<br>Total Score: 6.5
Mohd. Sanjeer Fruit,Mayur Vihar Phase-1,28.6083697,77.293112,Dharmender,60000,1,9717117859,12*12,10,1,4,1,1,7,B,green,Mohd. Sanjeer Fruit<br>30 Days sale: 60000<br>Payment Cycle: 1<br>Total Score: 7
Barat Singh Fruit,Mayur Vihar Phase-1,28.6083697,77.293112,Dharmender,60000,1,7042886525,10*10,9,1,4,1,1,7,B,green,Barat Singh Fruit<br>30 Days sale: 60000<br>Payment Cycle: 1<br>Total Score: 7
Ghanshyam Fruit,Mayur Vihar Phase-1,28.6083697,77.293112,Dharmender,99000,1,8287192181,10*10,12,3,4,1,1,9,A,green,Ghanshyam Fruit<br>30 Days sale: 99000<br>Payment Cycle: 1<br>Total Score: 9
Arvind Kumar Fruits,Mayur Vihar Phase-1,28.6083697,77.293112,Dharmender,99000,1,9999826878,10*10,12,3,4,1,1,9,A,green,Arvind Kumar Fruits<br>30 Days sale: 99000<br>Payment Cycle: 1<br>Total Score: 9
Rajesh Fruit,Mayur Vihar Phase-1,28.6083697,77.293112,Dharmender,99000,1,9910428392,12*10,10,3,4,1,1,9,A,green,Rajesh Fruit<br>30 Days sale: 99000<br>Payment Cycle: 1<br>Total Score: 9
Ranjeet Fruits,Mayur Vihar Phase-1,28.6083697,77.293112,Dharmender,99000,1,9871556811,15*10,10,3,4,1,1,9,A,green,Ranjeet Fruits<br>30 Days sale: 99000<br>Payment Cycle: 1<br>Total Score: 9
Nadim Fruits,Mayur Vihar Phase-1,28.6083697,77.293112,Dharmender,99000,1,8750676097,10*10,6,3,4,1,1,9,A,green,Nadim Fruits<br>30 Days sale: 99000<br>Payment Cycle: 1<br>Total Score: 9
Ganesh Fruits,Mayur Vihar Phase-1,28.6083697,77.293112,Dharmender,75000,7+,9911809630,15*10,15,2,1,1,1,5,B,red,Ganesh Fruits<br>30 Days sale: 75000<br>Payment Cycle: 7+<br>Total Score: 5
Mahfooz Fruits,Mayur Vihar Phase-1,28.6083697,77.293112,Dharmender,75000,7+,8377834761,10*10,12,2,1,1,1,5,B,red,Mahfooz Fruits<br>30 Days sale: 75000<br>Payment Cycle: 7+<br>Total Score: 5
Guddu Fruits,Mayur Vihar Phase-1,28.58916,77.30214,Dharmender,75000,7+,9958294101,10*10,5,2,1,1,1,5,B,red,Guddu Fruits<br>30 Days sale: 75000<br>Payment Cycle: 7+<br>Total Score: 5
Mohd. Nasir,New Ashok Nagar,28.58916,77.30214,Dharmender,75000,2+,9891138296,12*10,14,2,3,1,1,7,B,green,Mohd. Nasir<br>30 Days sale: 75000<br>Payment Cycle: 2+<br>Total Score: 7
Ratan Fruit Bhandhar,New Ashok Nagar,28.58916,77.30214,Dharmender,75000,2+,8287850804,10*10,12,2,3,1,1,7,B,green,Ratan Fruit Bhandhar<br>30 Days sale: 75000<br>Payment Cycle: 2+<br>Total Score: 7
Ekrar Fruits,New Ashok Nagar,28.58916,77.30214,Dharmender,75000,2+,9756727263,10*10,10,2,3,1,0.5,6.5,B,green,Ekrar Fruits<br>30 Days sale: 75000<br>Payment Cycle: 2+<br>Total Score: 6.5
Alam Fruits,New Ashok Nagar,28.58916,77.30214,Dharmender,75000,2+,9310270538,10*10,8,2,3,1,0.5,6.5,B,green,Alam Fruits<br>30 Days sale: 75000<br>Payment Cycle: 2+<br>Total Score: 6.5
Salmaan Fruits,New Ashok Nagar,28.58916,77.30214,Dharmender,75000,2+,8076702945,12*12,10,2,3,1,0.5,6.5,B,green,Salmaan Fruits<br>30 Days sale: 75000<br>Payment Cycle: 2+<br>Total Score: 6.5
Ratan Fruits,New Ashok Nagar,28.58916,77.30214,Dharmender,75000,2+,7042406225,12*10,15,2,3,0,0.5,5.5,B,red,Ratan Fruits<br>30 Days sale: 75000<br>Payment Cycle: 2+<br>Total Score: 5.5
Nitesh Fruits,New Ashok Nagar,28.58916,77.30214,Dharmender,75000,2+,8076529784,10*10,5,2,3,0,0.5,5.5,B,red,Nitesh Fruits<br>30 Days sale: 75000<br>Payment Cycle: 2+<br>Total Score: 5.5
Jee Shan Fruits,New Ashok Nagar,28.6670461,77.2771512,Dharmender,75000,2+,9319669522,10*10,2,2,3,0,0.5,5.5,B,red,Jee Shan Fruits<br>30 Days sale: 75000<br>Payment Cycle: 2+<br>Total Score: 5.5
Mohit Fruit,Kanti Nagar,28.6670461,77.2771512,Dharmender,75000,2+,8700280283,10*10,10,2,3,0,0.5,5.5,B,red,Mohit Fruit<br>30 Days sale: 75000<br>Payment Cycle: 2+<br>Total Score: 5.5
Abrar Fruits,Kanti Nagar,28.58916,77.30214,Dharmender,75000,2+,6395228695,10*10,8,2,3,0,0.5,5.5,B,red,Abrar Fruits<br>30 Days sale: 75000<br>Payment Cycle: 2+<br>Total Score: 5.5
Anurag Fruit,New Ashok Nagar,28.58916,77.30214,Dharmender,75000,2+,8851598450,10*10,12,2,3,0,0.5,5.5,B,red,Anurag Fruit<br>30 Days sale: 75000<br>Payment Cycle: 2+<br>Total Score: 5.5
Girish Chand Fruits,New Ashok Nagar,28.58916,77.30214,Dharmender,75000,2+,9953402368,10*10,13,2,3,0,0.5,5.5,B,red,Girish Chand Fruits<br>30 Days sale: 75000<br>Payment Cycle: 2+<br>Total Score: 5.5
Gupta Fruit,New Ashok Nagar,28.6083697,77.293112,Dharmender,75000,2+,7217757980,10*10,12,2,3,0,0.5,5.5,B,red,Gupta Fruit<br>30 Days sale: 75000<br>Payment Cycle: 2+<br>Total Score: 5.5
Mohd. Abu Baker,Mayur Vihar P-1,28.58916,77.30214,Dharmender,135000,2+,8851920209,10*10,12,4,3,0,0.5,7.5,B,green,Mohd. Abu Baker<br>30 Days sale: 135000<br>Payment Cycle: 2+<br>Total Score: 7.5
Banwari Ji Fruit,New Ashok Nagar,28.58916,77.30214,Dharmender,135000,7+,8448516316,10*12,10,4,1,0,0.5,5.5,B,red,Banwari Ji Fruit<br>30 Days sale: 135000<br>Payment Cycle: 7+<br>Total Score: 5.5
Tribhuvan Parshad Fruits,New Ashok Nagar,28.58916,77.30214,Dharmender,135000,7+,7048980760,10*10,15,4,1,0,0.5,5.5,B,red,Tribhuvan Parshad Fruits<br>30 Days sale: 135000<br>Payment Cycle: 7+<br>Total Score: 5.5
Bablu Gupta Fruits,New Ashok Nagar,28.58916,77.30214,Dharmender,135000,7+,9654116769,10*10,6,4,1,0,0.5,5.5,B,red,Bablu Gupta Fruits<br>30 Days sale: 135000<br>Payment Cycle: 7+<br>Total Score: 5.5
Maan Fruits,New Ashok Nagar,28.7004534,77.2591938,Dharmender,135000,7+,8383013109,10*10,12,4,1,0,0.5,5.5,B,red,Maan Fruits<br>30 Days sale: 135000<br>Payment Cycle: 7+<br>Total Score: 5.5
Shivam Fruit,Bhajanpura,28.7004534,77.2591938,Dharmender,135000,7+,8178605361,10*10,8,4,1,0,0.5,5.5,B,red,Shivam Fruit<br>30 Days sale: 135000<br>Payment Cycle: 7+<br>Total Score: 5.5
Shubham Fruit,Bhajanpura,28.6683013,77.2502654,Dharmender,135000,7+,7503065315,10*10,10,4,1,0.5,0.5,6,B,green,Shubham Fruit<br>30 Days sale: 135000<br>Payment Cycle: 7+<br>Total Score: 6
Akram Fruit,Shastri Park Metro Station,28.6683013,77.2502654,Dharmender,99000,7+,7300762082,10*10,12,3,1,0.5,0.5,5,B,red,Akram Fruit<br>30 Days sale: 99000<br>Payment Cycle: 7+<br>Total Score: 5
Naheem Fruit,Shastri Park Metro Station,28.6683013,77.2502654,Dharmender,99000,7+,8751362770,10*10,13,3,1,0.5,0.5,5,B,red,Naheem Fruit<br>30 Days sale: 99000<br>Payment Cycle: 7+<br>Total Score: 5
Shazid Fruit,Shastri Park Metro Station,28.6683013,77.2502654,Dharmender,99000,1,8826906746,10*10,3,3,4,0.5,0.5,8,A,green,Shazid Fruit<br>30 Days sale: 99000<br>Payment Cycle: 1<br>Total Score: 8
Arsad Fruit,Shastri Park Metro Station,28.6754755,77.2678137,Dharmender,99000,1,7302038125,10*10,12,3,4,0.5,0.5,8,A,green,Arsad Fruit<br>30 Days sale: 99000<br>Payment Cycle: 1<br>Total Score: 8
Shakir Fruit,New Seelampur Market,28.6754755,77.2678137,Dharmender,99000,1,8800930308,10*8,8,3,4,0.5,0.5,8,A,green,Shakir Fruit<br>30 Days sale: 99000<br>Payment Cycle: 1<br>Total Score: 8
Kaas Mohd. Fruit,New Seelampur Market,28.6754755,77.2678137,Dharmender,99000,1,7838312800,10*10,4,3,4,0.5,1,8.5,A,green,Kaas Mohd. Fruit<br>30 Days sale: 99000<br>Payment Cycle: 1<br>Total Score: 8.5
Mohd.Fareed Fruit,New Seelampur Market,28.6754755,77.2678137,Dharmender,99000,1,8750964637,10*10,3,3,4,0.5,1,8.5,A,green,Mohd.Fareed Fruit<br>30 Days sale: 99000<br>Payment Cycle: 1<br>Total Score: 8.5
Mohd. Nousad Fruit,New Seelampur Market,28.6754755,77.2678137,Dharmender,99000,1,9599658699,10*10,8,3,4,0.5,1,8.5,A,green,Mohd. Nousad Fruit<br>30 Days sale: 99000<br>Payment Cycle: 1<br>Total Score: 8.5
Mustgeer Fruit,New Seelampur Market,28.5873162,77.3050842,Dharmender,99000,1,9873723178,10*10,4,3,4,0.5,1,8.5,A,green,Mustgeer Fruit<br>30 Days sale: 99000<br>Payment Cycle: 1<br>Total Score: 8.5
Chandra Kishor Fruits,"C-36, New Ashok Nagar",28.5961116,77.2945672,Dharmender,99000,1,8130574251,10*10,15,3,4,0.5,1,8.5,A,green,Chandra Kishor Fruits<br>30 Days sale: 99000<br>Payment Cycle: 1<br>Total Score: 8.5
Sakeel Fruit,Samachar Appartments Mayur Vihar P-1,28.6001813,77.3165886,Dharmender,99000,4+,8860946501,10*10,15,3,2,0.5,1,6.5,B,green,Sakeel Fruit<br>30 Days sale: 99000<br>Payment Cycle: 4+<br>Total Score: 6.5
Alam Khan Fruit,Vasundhra Enclave,28.6001813,77.3165886,Dharmender,99000,4+,6395707179,10*10,15,3,2,0.5,1,6.5,B,green,Alam Khan Fruit<br>30 Days sale: 99000<br>Payment Cycle: 4+<br>Total Score: 6.5
Noor Fruit,Vasundhra Enclave,28.6169634,77.3008506,Dharmender,99000,4+,8810628162,10*10,15,3,2,0.5,1,6.5,B,green,Noor Fruit<br>30 Days sale: 99000<br>Payment Cycle: 4+<br>Total Score: 6.5
Sharma Fruit,Mayur Vihar P-2,28.6083697,77.293112,Dharmender,99000,4+,8800326069,10*15,17,3,2,0.5,1,6.5,B,green,Sharma Fruit<br>30 Days sale: 99000<br>Payment Cycle: 4+<br>Total Score: 6.5
Sanjay Fruit,Mayur Vihar P-1,28.6001813,77.3165886,Dharmender,99000,4+,9650447086,15*12,15,3,2,0.5,1,6.5,B,green,Sanjay Fruit<br>30 Days sale: 99000<br>Payment Cycle: 4+<br>Total Score: 6.5
Rizwaan Fruit,Vasundhra Enclave,28.60099004,77.31935186,Dharmender,99000,4+,9555907624,8*10,8,3,2,0.5,1,6.5,B,green,Rizwaan Fruit<br>30 Days sale: 99000<br>Payment Cycle: 4+<br>Total Score: 6.5